date,year,month,quarter,"Crude oil, average","Natural gas, Europe",Copper,Gold,Platinum,Silver,FEDFUNDS,USCPI,S&PComp,RateGS10,BI7DRR,IDCPI,KURS_USD_IDR,IHSG,IDGoldPrice,IdGoldPriceBasedUSD
1960-02-01,1960,2,1,1.63000011444,0.40477399635,728.19,35.27,83.5,0.9137,3.97,29.4,55.78,4.49,,,,,,
1960-03-01,1960,3,1,1.63000011444,0.40477399635,684.94,35.27,83.5,0.9137,3.84,29.4,55.02,4.25,,,,,,
1960-04-01,1960,4,2,1.63000011444,0.40477399635,723.11,35.27,83.5,0.9137,3.92,29.5,55.73,4.28,,,,,,
1960-05-01,1960,5,2,1.63000011444,0.40477399635,684.75,35.27,83.5,0.9137,3.85,29.5,55.22,4.35,,,,,,
1960-06-01,1960,6,2,1.63000011444,0.40477399635,691.59,35.27,83.5,0.9137,3.32,29.6,57.26,4.15,,,,,,
1960-07-01,1960,7,3,1.63000011444,0.40477399635,702.39,35.27,83.5,0.9137,3.23,29.6,55.84,3.9,,,,,,
1960-08-01,1960,8,3,1.63000011444,0.40477399635,675.94,35.27,83.5,0.9137,2.98,29.6,56.51,3.8,,,,,,
1960-09-01,1960,9,3,1.63000011444,0.40477399635,647.06,35.27,83.5,0.9137,2.6,29.6,54.81,3.8,,,,,,
1960-10-01,1960,10,4,1.63000011444,0.40477399635,612.66,35.27,83.5,0.9137,2.47,29.8,53.73,3.89,,,,,,
1960-11-01,1960,11,4,1.63000011444,0.40477399635,642.13,35.27,83.5,0.9137,2.44,29.8,55.47,3.93,,,,,,
1960-12-01,1960,12,4,1.63000011444,0.40477399635,636.91,35.27,83.5,0.9137,1.98,29.8,56.8,3.84,,,,,,
1961-01-01,1961,1,1,1.57,0.40477399635,606.71,35.25,83.5,0.9137,1.45,29.8,59.72,3.84,,,,,,
1961-02-01,1961,2,1,1.57,0.40477399635,616.63,35.25,83.5,0.9137,2.54,29.8,62.17,3.78,,,,,,
1961-03-01,1961,3,1,1.57,0.40477399635,621.26,35.25,83.5,0.9137,2.02,29.8,64.12,3.74,,,,,,
1961-04-01,1961,4,2,1.57,0.40477399635,631.84,35.25,83.5,0.9137,1.49,29.8,65.83,3.78,,,,,,
1961-05-01,1961,5,2,1.57,0.40477399635,668.44,35.25,83.5,0.9137,1.98,29.8,66.5,3.71,,,,,,
1961-06-01,1961,6,2,1.57,0.40477399635,652.12,35.25,83.5,0.9137,1.73,29.8,65.62,3.88,,,,,,
1961-07-01,1961,7,3,1.57,0.40477399635,633.39,35.25,83.5,0.9137,1.17,30.0,65.44,3.92,,,,,,
1961-08-01,1961,8,3,1.57,0.40477399635,636.47,35.25,83.5,0.9137,2.0,29.9,67.79,4.04,,,,,,
1961-09-01,1961,9,3,1.57,0.40477399635,632.72,35.25,83.5,0.9137,1.88,30.0,67.26,3.98,,,,,,
1961-10-01,1961,10,4,1.57,0.40477399635,630.3,35.25,83.5,0.9137,2.26,30.0,68.0,3.92,,,,,,
1961-11-01,1961,11,4,1.57,0.40477399635,632.28,35.25,83.5,0.9231,2.61,30.0,71.08,3.94,,,,,,
1961-12-01,1961,12,4,1.57,0.40477399635,634.85,35.25,83.5,1.0332,2.33,30.0,71.74,4.06,,,,,,
1962-01-01,1962,1,1,1.52,0.40477399635,635.37,35.23,83.5,1.0428,2.15,30.0,69.07,4.08,,,,,,
1962-02-01,1962,2,1,1.52,0.40477399635,647.94,35.23,83.5,1.0247,2.37,30.1,70.22,4.04,,,,,,
1962-03-01,1962,3,1,1.52,0.40477399635,647.5,35.23,83.5,1.015,2.85,30.1,70.29,3.93,,,,,,
1962-04-01,1962,4,2,1.52,0.40477399635,645.95,35.23,83.5,1.015,2.78,30.2,68.05,3.84,,,,,,
1962-05-01,1962,5,2,1.52,0.40477399635,645.73,35.23,83.5,1.015,2.36,30.2,62.99,3.87,,,,,,
1962-06-01,1962,6,2,1.52,0.40477399635,645.51,35.23,83.5,1.0227,2.68,30.2,55.63,3.91,,,,,,
1962-07-01,1962,7,3,1.52,0.40477399635,645.51,35.23,83.5,1.0355,2.71,30.3,56.97,4.01,,,,,,
1962-08-01,1962,8,3,1.52,0.40477399635,645.51,35.23,83.5,1.083,2.93,30.3,58.52,3.98,,,,,,
1962-09-01,1962,9,3,1.52,0.40477399635,645.51,35.23,83.5,1.1546,2.9,30.4,58.0,3.98,,,,,,
1962-10-01,1962,10,4,1.52,0.40477399635,645.95,35.23,83.5,1.206,2.9,30.4,56.17,3.93,,,,,,
1962-11-01,1962,11,4,1.52,0.40477399635,645.51,35.23,83.5,1.1917,2.94,30.4,60.04,3.92,,,,,,
1962-12-01,1962,12,4,1.52,0.40477399635,645.73,35.23,83.5,1.1987,2.93,30.4,62.64,3.86,,,,,,
1963-01-01,1963,1,1,1.5,0.39135113795,645.51,35.09,83.5,1.2438,2.92,30.4,65.06,3.83,,,,,,
1963-02-01,1963,2,1,1.5,0.39135113795,645.51,35.09,83.5,1.2564,3.0,30.4,65.92,3.92,,,,,,
1963-03-01,1963,3,1,1.5,0.39135113795,645.51,35.09,83.5,1.2714,2.98,30.5,65.67,3.93,,,,,,
1963-04-01,1963,4,2,1.5,0.39135113795,645.73,35.09,78.5,1.2729,2.9,30.5,68.76,3.97,,,,,,
1963-05-01,1963,5,2,1.5,0.39135113795,645.51,35.09,78.5,1.2787,3.0,30.5,70.14,3.93,,,,,,
1963-06-01,1963,6,2,1.5,0.39135113795,645.73,35.09,78.5,1.2768,2.99,30.6,70.11,3.99,,,,,,
1963-07-01,1963,7,3,1.5,0.39135113795,645.51,35.09,78.5,1.2899,3.02,30.7,69.07,4.02,,,,,,
1963-08-01,1963,8,3,1.5,0.39135113795,645.51,35.09,78.95,1.2878,3.49,30.7,70.98,4.0,,,,,,
1963-09-01,1963,9,3,1.5,0.39135113795,645.51,35.09,80.75,1.2926,3.48,30.7,72.85,4.08,,,,,,
1963-10-01,1963,10,4,1.5,0.39135113795,645.51,35.09,80.5,1.293,3.5,30.8,73.03,4.11,,,,,,
1963-11-01,1963,11,4,1.5,0.39135113795,645.73,35.09,82.97,1.293,3.48,30.8,72.62,4.12,,,,,,
1963-12-01,1963,12,4,1.5,0.39135113795,650.14,35.09,83.5,1.293,3.38,30.9,74.17,4.13,,,,,,
1964-01-01,1964,1,1,1.45,0.38414980236,655.65,35.1,88.27,1.293,3.48,30.9,76.45,4.17,,,,,,
1964-02-01,1964,2,1,1.45,0.38414980236,693.79,35.1,88.5,1.293,3.48,30.9,77.39,4.15,,,,,,
1964-03-01,1964,3,1,1.45,0.38414980236,745.16,35.1,88.5,1.293,3.43,30.9,78.8,4.22,,,,,,
1964-04-01,1964,4,2,1.45,0.38414980236,861.56,35.1,88.5,1.293,3.47,30.9,79.94,4.23,,,,,,
1964-05-01,1964,5,2,1.45,0.38414980236,828.28,35.1,88.5,1.293,3.5,30.9,80.72,4.2,,,,,,
1964-06-01,1964,6,2,1.45,0.38414980236,808.43,35.1,88.5,1.293,3.5,31.0,80.24,4.17,,,,,,
1964-07-01,1964,7,3,1.45,0.38414980236,854.95,35.1,88.5,1.293,3.42,31.1,83.22,4.19,,,,,,
1964-08-01,1964,8,3,1.45,0.38414980236,999.33,35.1,88.5,1.293,3.5,31.0,82.0,4.19,,,,,,
1964-09-01,1964,9,3,1.45,0.38414980236,1162.05,35.1,88.5,1.293,3.45,31.1,83.41,4.2,,,,,,
1964-10-01,1964,10,4,1.45,0.38414980236,1358.27,35.1,88.5,1.293,3.36,31.1,84.85,4.19,,,,,,
1964-11-01,1964,11,4,1.45,0.38414980236,1400.37,35.1,88.5,1.293,3.52,31.2,85.44,4.15,,,,,,
1964-12-01,1964,12,4,1.45,0.38414980236,1269.2,35.1,88.5,1.293,3.85,31.2,83.96,4.18,,,,,,
1965-01-01,1965,1,1,1.42,0.41076610522,1000.68,35.12,93.0,1.293,3.9,31.2,86.12,4.19,,,,,,
1965-02-01,1965,2,1,1.42,0.41076610522,1179.91,35.12,98.5,1.293,3.98,31.2,86.75,4.21,,,,,,
1965-03-01,1965,3,1,1.42,0.41076610522,1237.23,35.12,98.5,1.293,4.05,31.3,86.83,4.21,,,,,,
1965-04-01,1965,4,2,1.42,0.41076610522,1348.34,35.12,98.5,1.293,4.09,31.4,87.97,4.2,,,,,,
1965-05-01,1965,5,2,1.42,0.41076610522,1378.55,35.12,98.5,1.293,4.1,31.4,89.28,4.21,,,,,,
1965-06-01,1965,6,2,1.42,0.41076610522,1308.88,35.12,98.5,1.293,4.05,31.6,85.04,4.21,,,,,,
1965-07-01,1965,7,3,1.42,0.41076610522,1134.06,35.12,98.5,1.293,4.09,31.6,84.91,4.2,,,,,,
1965-08-01,1965,8,3,1.42,0.41076610522,1209.9,35.12,98.5,1.293,4.12,31.6,86.49,4.25,,,,,,
1965-09-01,1965,9,3,1.42,0.41076610522,1327.84,35.12,98.5,1.293,4.02,31.6,89.38,4.29,,,,,,
1965-10-01,1965,10,4,1.42,0.41076610522,1401.92,35.12,98.5,1.293,4.08,31.7,91.39,4.35,,,,,,
1965-11-01,1965,11,4,1.42,0.41076610522,1469.16,35.12,98.5,1.293,4.1,31.7,92.15,4.45,,,,,,
1965-12-01,1965,12,4,1.42,0.41076610522,1517.66,35.12,98.5,1.293,4.32,31.8,91.73,4.62,,,,,,
1966-01-01,1966,1,1,1.36,0.42492866514,1679.04,35.13,98.5,1.293,4.42,31.8,93.32,4.61,,,,,,
1966-02-01,1966,2,1,1.36,0.42492866514,1874.37,35.13,98.5,1.293,4.6,32.0,92.69,4.83,,,,,,
1966-03-01,1966,3,1,1.36,0.42492866514,1874.81,35.13,99.65,1.293,4.66,32.1,88.88,4.87,,,,,,
1966-04-01,1966,4,2,1.36,0.42492866514,1907.44,35.13,100.0,1.293,4.67,32.3,91.6,4.75,,,,,,
1966-05-01,1966,5,2,1.36,0.42492866514,1663.61,35.13,100.0,1.293,4.9,32.3,86.78,4.78,,,,,,
1966-06-01,1966,6,2,1.36,0.42492866514,1695.79,35.13,100.0,1.293,5.17,32.4,86.06,4.81,,,,,,
1966-07-01,1966,7,3,1.36,0.42492866514,1567.93,35.13,100.0,1.293,5.3,32.5,85.84,5.02,,,,,,
1966-08-01,1966,8,3,1.36,0.42492866514,1195.34,35.13,100.0,1.293,5.53,32.7,80.65,5.22,,,,,,
1966-09-01,1966,9,3,1.36,0.42492866514,1128.32,35.13,100.0,1.293,5.4,32.7,77.81,5.18,,,,,,
1966-10-01,1966,10,4,1.36,0.42492866514,1275.37,35.13,100.0,1.293,5.53,32.9,77.13,5.01,,,,,,
1966-11-01,1966,11,4,1.36,0.42492866514,1301.61,35.13,100.0,1.293,5.76,32.9,80.99,5.16,,,,,,
1966-12-01,1966,12,4,1.36,0.42492866514,1214.53,35.13,100.0,1.293,5.4,32.9,81.33,4.84,,,,,,
1967-01-01,1967,1,1,1.33,0.45664737628,1243.85,34.95,102.93,1.293,4.94,32.9,84.45,4.58,,,,,,
1967-02-01,1967,2,1,1.33,0.45664737628,1220.48,34.95,110.5,1.293,5.0,32.9,87.36,4.63,,,,,,
1967-03-01,1967,3,1,1.33,0.45664737628,1098.34,34.95,110.5,1.293,4.53,33.0,89.42,4.54,,,,,,
1967-04-01,1967,4,2,1.33,0.45664737628,994.72,34.95,110.5,1.293,4.05,33.1,90.96,4.59,,,,,,
1967-05-01,1967,5,2,1.33,0.45664737628,1036.17,34.95,110.5,1.2959,3.94,33.2,92.59,4.85,,,,,,
1967-06-01,1967,6,2,1.33,0.45664737628,1015.22,34.95,110.5,1.301,3.98,33.3,91.43,5.02,,,,,,
1967-07-01,1967,7,3,1.33,0.45664737628,997.37,34.95,110.5,1.5929,3.79,33.4,93.01,5.16,,,,,,
1967-08-01,1967,8,3,1.33,0.45664737628,1044.55,34.95,110.5,1.7498,3.9,33.5,94.49,5.28,,,,,,
1967-09-01,1967,9,3,1.33,0.45664737628,1060.2,34.95,110.5,1.6795,3.99,33.6,95.81,5.3,,,,,,
1967-10-01,1967,10,4,1.33,0.45664737628,1138.47,34.95,110.5,1.7859,3.88,33.7,95.66,5.48,,,,,,
1967-11-01,1967,11,4,1.33,0.45664737628,1443.81,34.95,110.5,1.9532,4.13,33.8,92.66,5.75,,,,,,
1967-12-01,1967,12,4,1.33,0.45664737628,1324.09,34.95,115.05,2.06,4.51,33.9,95.3,5.7,,,,,,
1968-01-01,1968,1,1,1.32,0.45180187737,1408.75,35.5,114.0,1.9899,4.61,34.1,95.04,5.53,,,,,,
1968-02-01,1968,2,1,1.32,0.45180187737,1719.82,36.0,111.5,1.8547,4.71,34.2,90.75,5.56,,,,,,
1968-03-01,1968,3,1,1.32,0.45180187737,1701.08,37.0,111.5,2.1805,5.05,34.3,89.09,5.74,,,,,,
1968-04-01,1968,4,2,1.32,0.45180187737,1255.09,37.86,111.5,2.2028,5.76,34.4,95.67,5.64,,,,,,
1968-05-01,1968,5,2,1.32,0.45180187737,1096.58,40.7,111.5,2.3768,6.12,34.5,97.87,5.87,,,,,,
1968-06-01,1968,6,2,1.32,0.45180187737,1136.7,41.14,111.5,2.4641,6.07,34.7,100.5,5.72,,,,,,
1968-07-01,1968,7,3,1.32,0.45180187737,1054.25,39.46,122.5,2.3138,6.03,34.9,100.3,5.5,,,,,,
1968-08-01,1968,8,3,1.32,0.45180187737,1056.45,39.19,122.5,2.1946,6.03,35.0,98.11,5.42,,,,,,
1968-09-01,1968,9,3,1.32,0.45180187737,1110.03,40.18,122.5,2.2085,5.78,35.1,101.3,5.46,,,,,,
1968-10-01,1968,10,4,1.32,0.45180187737,1079.82,39.21,122.5,1.9728,5.91,35.3,103.8,5.58,,,,,,
1968-11-01,1968,11,4,1.32,0.45180187737,1099.88,39.78,122.5,2.0178,5.82,35.4,105.4,5.7,,,,,,
1968-12-01,1968,12,4,1.32,0.45180187737,1184.98,41.08,122.5,1.9593,6.02,35.5,106.5,6.03,,,,,,
1969-01-01,1969,1,1,1.27,0.45181991824,1255.53,42.3,122.5,1.9789,6.3,35.6,102.0,6.04,,,,,,
1969-02-01,1969,2,1,1.27,0.45181991824,1285.29,42.6,122.5,1.8397,6.61,35.8,101.5,6.19,,,,,,
1969-03-01,1969,3,1,1.27,0.45181991824,1278.46,43.16,122.5,1.8257,6.79,36.1,99.3,6.3,,,,,,
1969-04-01,1969,4,2,1.27,0.45181991824,1388.03,43.31,122.5,1.7781,7.41,36.3,101.3,6.17,,,,,,
1969-05-01,1969,5,2,1.27,0.45181991824,1392.44,43.46,122.5,1.761,8.67,36.4,104.6,6.32,,,,,,
1969-06-01,1969,6,2,1.27,0.45181991824,1483.04,41.44,122.5,1.6455,8.9,36.6,99.14,6.57,,,,,,
1969-07-01,1969,7,3,1.27,0.45181991824,1453.95,41.76,122.5,1.6183,8.61,36.8,94.71,6.72,,,,,,
1969-08-01,1969,8,3,1.27,0.45181991824,1606.73,41.09,122.5,1.6526,9.19,37.0,94.18,6.69,,,,,,
1969-09-01,1969,9,3,1.27,0.45181991824,1578.95,40.87,122.5,1.7855,9.15,37.1,94.51,7.16,,,,,,
1969-10-01,1969,10,4,1.27,0.45181991824,1554.48,40.44,122.75,1.8725,9.0,37.3,95.52,7.1,,,,,,
1969-11-01,1969,11,4,1.27,0.45181991824,1631.42,37.4,132.5,1.9231,8.85,37.5,96.21,7.14,,,,,,
1969-12-01,1969,12,4,1.27,0.45181991824,1699.76,35.17,132.5,1.8071,8.97,37.7,91.11,7.65,,,,,,
1970-01-01,1970,1,1,1.21,0.44721801014,1626.3,34.94,132.5,1.8765,8.98,37.8,90.31,7.79,,,,,,
1970-02-01,1970,2,1,1.21,0.44721801014,1657.2,34.99,132.5,1.8958,8.98,38.0,87.16,7.24,,,,,,
1970-03-01,1970,3,1,1.21,0.44721801014,1754.0,35.09,132.5,1.8885,7.76,38.2,88.65,7.07,,,,,,
1970-04-01,1970,4,2,1.21,0.44721801014,1741.6,35.62,132.5,1.8529,8.1,38.5,85.95,7.39,,,,,,
1970-05-01,1970,5,2,1.21,0.44721801014,1597.9,35.95,132.5,1.67,7.95,38.6,76.06,7.91,,,,,,
1970-06-01,1970,6,2,1.21,0.44721801014,1458.0,35.42,132.5,1.6394,7.61,38.8,75.59,7.84,,,,,,
1970-07-01,1970,7,3,1.21,0.44721801014,1366.6,35.32,132.5,1.6866,7.21,39.0,75.72,7.46,,,,,,
1970-08-01,1970,8,3,1.21,0.44721801014,1266.5,35.38,132.5,1.7977,6.62,39.0,77.92,7.53,,,,,,
1970-09-01,1970,9,3,1.21,0.44721801014,1246.9,36.19,132.5,1.8016,6.29,39.2,82.58,7.39,,,,,,
1970-10-01,1970,10,4,1.21,0.44721801014,1142.4,37.52,132.5,1.7458,6.2,39.4,84.37,7.33,,,,,,
1970-11-01,1970,11,4,1.21,0.44721801014,1085.3,37.44,132.5,1.7604,5.6,39.6,84.28,6.84,,,,,,
1970-12-01,1970,12,4,1.21,0.44721801014,1045.7,37.44,132.5,1.6348,4.9,39.8,90.05,6.39,,,,,,
1971-01-01,1971,1,1,1.64,0.50224354379,1010.0,37.88,129.0,1.6396,4.14,39.8,93.49,6.24,,,,,,
1971-02-01,1971,2,1,1.64,0.50224354379,1020.2,38.74,122.5,1.6003,3.72,39.9,97.11,6.11,,,,,,
1971-03-01,1971,3,1,1.64,0.50224354379,1144.1,38.87,122.5,1.669,3.71,40.0,99.6,5.7,,,,,,
1971-04-01,1971,4,2,1.64,0.50224354379,1251.5,39.01,122.5,1.726,4.16,40.1,103.0,5.83,,,,,,
1971-05-01,1971,5,2,1.64,0.50224354379,1114.4,40.52,122.5,1.6667,4.63,40.3,101.6,6.39,,,,,,
1971-06-01,1971,6,2,1.64,0.50224354379,1074.2,40.1,122.5,1.6081,4.91,40.6,99.72,6.52,,,,,,
1971-07-01,1971,7,3,1.74,0.50224354379,1115.3,40.95,122.5,1.5808,5.31,40.7,99.0,6.73,,,,,,
1971-08-01,1971,8,3,1.74,0.50224354379,1097.9,42.71,122.5,1.5866,5.57,40.8,97.24,6.58,,,,,,
1971-09-01,1971,9,3,1.74,0.50224354379,1056.4,42.03,122.5,1.4214,5.55,40.8,99.4,6.14,,,,,,
1971-10-01,1971,10,4,1.74,0.50224354379,1041.2,42.5,122.5,1.3358,5.2,40.9,97.29,5.93,,,,,,
1971-11-01,1971,11,4,1.74,0.50224354379,1013.9,42.86,122.5,1.3199,4.91,40.9,92.78,5.81,,,,,,
1971-12-01,1971,12,4,1.74,0.50224354379,1037.9,43.48,122.5,1.3935,4.14,41.1,99.17,5.93,,,,,,
1972-01-01,1972,1,1,1.77,0.54216598655,1078.0,45.75,122.5,1.4731,3.51,41.1,103.3,5.95,,,,,,
1972-02-01,1972,2,1,1.77,0.54216598655,1112.4,48.26,122.5,1.5036,3.3,41.3,105.2,6.08,,,,,,
1972-03-01,1972,3,1,1.77,0.54216598655,1108.2,48.33,122.5,1.5364,3.83,41.4,107.7,6.07,,,,,,
1972-04-01,1972,4,2,1.77,0.54216598655,1133.0,49.03,122.5,1.572,4.17,41.5,108.8,6.19,,,,,,
1972-05-01,1972,5,2,1.77,0.54216598655,1106.4,54.62,122.5,1.583,4.27,41.6,107.7,6.13,,,,,,
1972-06-01,1972,6,2,1.77,0.54216598655,1063.2,62.09,122.5,1.569,4.46,41.7,108.0,6.11,,,,,,
1972-07-01,1972,7,3,1.87,0.54216598655,1034.6,65.66,128.0,1.7358,4.55,41.9,107.2,6.11,,,,,,
1972-08-01,1972,8,3,1.87,0.54216598655,1046.7,67.03,132.5,1.8461,4.81,42.0,111.0,6.21,,,,,,
1972-09-01,1972,9,3,1.87,0.54216598655,1060.6,65.46,132.5,1.7767,4.87,42.1,109.4,6.55,,,,,,
1972-10-01,1972,10,4,1.87,0.54216598655,917.5,64.86,132.5,1.8106,5.05,42.3,109.6,6.48,,,,,,
1972-11-01,1972,11,4,1.87,0.54216598655,1007.1,62.91,132.5,1.8325,5.06,42.4,115.1,6.28,,,,,,
1972-12-01,1972,12,4,1.87,0.54216598655,1024.4,63.91,132.5,1.976,5.33,42.5,117.5,6.36,,,,,,
1973-01-01,1973,1,1,2.08,0.69350672431,1119.0,65.14,132.5,2.0166,5.94,42.6,118.4,6.46,,,,,,
1973-02-01,1973,2,1,2.08,0.69350672431,1243.6,74.2,141.97,2.2362,6.58,42.9,114.2,6.64,,,,,,
1973-03-01,1973,3,1,2.08,0.69350672431,1509.5,84.37,152.5,2.3092,7.09,43.3,112.4,6.71,,,,,,
1973-04-01,1973,4,2,2.35,0.69350672431,1588.4,90.5,152.5,2.2072,7.12,43.6,110.3,6.67,,,,,,
1973-05-01,1973,5,2,2.35,0.69350672431,1552.2,101.96,152.5,2.4012,7.84,43.9,107.2,6.85,,,,,,
1973-06-01,1973,6,2,2.35,0.69350672431,1748.7,120.12,152.5,2.6209,8.49,44.2,104.8,6.9,,,,,,
1973-07-01,1973,7,3,2.7,0.69350672431,2021.2,120.17,152.5,2.7056,10.4,44.3,105.8,7.13,,,,,,
1973-08-01,1973,8,3,2.7,0.69350672431,2123.0,106.76,152.5,2.6365,10.5,45.1,103.8,7.4,,,,,,
1973-09-01,1973,9,3,2.7,0.69350672431,1936.1,102.97,155.24,2.6751,10.78,45.2,105.6,7.09,,,,,,
1973-10-01,1973,10,4,4.1,0.69350672431,2065.3,100.08,160.5,2.8856,10.01,45.6,109.8,6.79,,,,,,
1973-11-01,1973,11,4,4.1,0.69350672431,2273.0,94.92,160.5,2.8599,10.03,45.9,102.0,6.73,,,,,,
1973-12-01,1973,12,4,4.1,0.69350672431,2244.3,106.72,160.5,3.1367,9.95,46.2,94.78,6.74,,,,,,
1974-01-01,1974,1,1,13.0,1.73,2032.4,129.19,162.68,3.63695,9.65,46.6,96.11,6.99,,,,,,
1974-02-01,1974,2,1,13.0,1.73,2291.7,150.13,172.5,5.35895,8.97,47.2,93.45,6.96,,,,,,
1974-03-01,1974,3,1,13.0,1.73,2743.4,168.42,172.5,5.32552,9.35,47.8,97.44,7.21,,,,,,
1974-04-01,1974,4,2,10.59999847412,1.73,3031.8,172.24,172.5,5.03595,10.51,48.0,92.46,7.51,,,,,,
1974-05-01,1974,5,2,10.59999847412,1.73,2875.7,163.27,174.55,5.43182,11.31,48.6,89.67,7.58,,,,,,
1974-06-01,1974,6,2,10.59999847412,1.73,2440.0,154.1,195.0,4.8961,11.93,49.0,89.79,7.54,,,,,,
1974-07-01,1974,7,3,10.0,1.73,1919.1,142.98,195.0,4.41545,12.92,49.4,79.31,7.81,,,,,,
1974-08-01,1974,8,3,10.0,1.73,1802.9,154.64,195.0,4.43136,12.01,50.0,76.03,8.04,,,,,,
1974-09-01,1974,9,3,10.0,1.73,1460.5,151.75,195.0,4.04875,11.34,50.6,68.12,8.04,,,,,,
1974-10-01,1974,10,4,10.29999923706,1.73,1398.8,158.78,195.0,4.82977,10.06,51.1,69.44,7.9,,,,,,
1974-11-01,1974,11,4,10.29999923706,1.73,1416.7,181.66,195.0,4.69389,9.45,51.5,71.74,7.68,,,,,,
1974-12-01,1974,12,4,10.29999923706,1.73,1289.0,183.78,195.0,4.39125,8.53,51.9,67.07,7.43,,,,,,
1975-01-01,1975,1,1,10.42000007629,1.68209359077,1211.2,176.27,195.0,4.1925,7.13,52.1,72.56,7.5,,,,,,
1975-02-01,1975,2,1,10.42000007629,1.68209359077,1266.5,179.6,180.53,4.37,6.24,52.5,80.1,7.39,,,,,,
1975-03-01,1975,3,1,10.42000007629,1.68209359077,1344.2,178.16,175.0,4.3315,5.54,52.7,83.78,7.73,,,,,,
1975-04-01,1975,4,2,10.42000007629,1.68209359077,1329.2,169.84,163.06,4.20918,5.49,52.9,84.72,8.23,,,,,,
1975-05-01,1975,5,2,10.42000007629,1.68209359077,1253.8,167.39,160.0,4.5381,5.22,53.2,90.1,8.06,,,,,,
1975-06-01,1975,6,2,10.42000007629,1.68209359077,1193.0,164.24,160.0,4.48914,5.55,53.6,92.4,7.86,,,,,,
1975-07-01,1975,7,3,10.43000030518,1.68209359077,1222.4,165.17,162.73,4.70455,6.1,54.2,92.49,8.06,,,,,,
1975-08-01,1975,8,3,10.43000030518,1.68209359077,1277.1,163.0,175.0,4.9251,6.14,54.3,85.71,8.4,,,,,,
1975-09-01,1975,9,3,10.43000030518,1.68209359077,1210.1,144.17,175.0,4.51595,6.24,54.6,84.67,8.43,,,,,,
1975-10-01,1975,10,4,10.46000003815,1.68209359077,1178.8,142.79,172.17,4.32886,5.82,54.9,88.57,8.14,,,,,,
1975-11-01,1975,11,4,10.46000003815,1.68209359077,1179.7,142.42,160.0,4.33244,5.22,55.3,90.07,8.05,,,,,,
1975-12-01,1975,12,4,10.46000003815,1.68209359077,1151.0,139.3,160.0,4.08486,5.2,55.5,88.7,8.0,,,,,,
1976-01-01,1976,1,1,11.51000022888,1.73511329971,1193.0,131.05,160.0,4.06265,4.87,55.6,96.86,7.74,,,,,,
1976-02-01,1976,2,1,11.51000022888,1.73511329971,1219.0,131.06,160.0,4.08642,4.77,55.8,100.6,7.79,,,,,,
1976-03-01,1976,3,1,11.51000022888,1.73511329971,1329.0,132.76,160.0,4.18913,4.84,55.9,101.1,7.73,,,,,,
1976-04-01,1976,4,2,11.51000022888,1.73511329971,1510.0,127.94,160.0,4.35552,4.82,56.1,101.9,7.56,,,,,,
1976-05-01,1976,5,2,11.51000022888,1.73511329971,1512.0,126.92,160.0,4.48845,5.29,56.5,101.2,7.9,,,,,,
1976-06-01,1976,6,2,11.51000022888,1.73511329971,1550.0,125.71,163.54,4.81173,5.48,56.8,101.8,7.86,,,,,,
1976-07-01,1976,7,3,11.60000038147,1.73511329971,1647.0,117.73,171.12,4.7606,5.31,57.1,104.2,7.83,,,,,,
1976-08-01,1976,8,3,11.60000038147,1.73511329971,1539.0,109.93,156.15,4.2766,5.29,57.4,103.3,7.77,,,,,,
1976-09-01,1976,9,3,11.60000038147,1.73511329971,1459.0,114.15,158.24,4.3035,5.25,57.6,105.5,7.59,,,,,,
1976-10-01,1976,10,4,11.89999961853,1.73511329971,1285.0,116.15,157.9,4.2195,5.02,57.9,101.9,7.41,,,,,,
1976-11-01,1976,11,4,11.89999961853,1.73511329971,1279.0,130.46,156.83,4.3533,4.95,58.0,101.2,7.29,,,,,,
1976-12-01,1976,12,4,11.89999961853,1.73511329971,1287.0,133.93,151.99,4.3601,4.65,58.2,104.7,6.87,,,,,,
1977-01-01,1977,1,1,12.5,1.79162260682,1396.0,132.26,154.55,4.4192,4.61,58.5,103.8,7.21,,,,,,
1977-02-01,1977,2,1,12.5,1.79162260682,1426.0,136.24,161.27,4.5325,4.68,59.1,101.0,7.39,,,,,,
1977-03-01,1977,3,1,12.5,1.79162260682,1515.0,148.23,162.99,4.8653,4.69,59.5,100.6,7.46,,,,,,
1977-04-01,1977,4,2,12.44999980927,1.79162260682,1429.0,149.17,160.74,4.79,4.73,60.0,99.05,7.37,,,,,,
1977-05-01,1977,5,2,12.44999980927,1.79162260682,1371.0,146.61,156.55,4.6998,5.35,60.3,98.76,7.46,,,,,,
1977-06-01,1977,6,2,12.44999980927,1.79162260682,1312.0,140.78,150.36,4.4815,5.39,60.7,99.29,7.28,,,,,,
1977-07-01,1977,7,3,12.63000011444,1.79162260682,1248.0,143.39,149.57,4.5323,5.42,61.0,100.2,7.33,,,,,,
1977-08-01,1977,8,3,12.63000011444,1.79162260682,1160.0,144.94,148.86,4.4732,5.9,61.2,97.75,7.4,,,,,,
1977-09-01,1977,9,3,12.63000011444,1.79162260682,1195.0,149.53,150.33,4.538,6.14,61.4,96.23,7.34,,,,,,
1977-10-01,1977,10,4,12.68000030518,1.79162260682,1210.0,158.95,157.62,4.7586,6.47,61.6,93.74,7.52,,,,,,
1977-11-01,1977,11,4,12.68000030518,1.79162260682,1182.0,162.1,169.67,4.8258,6.51,61.9,94.28,7.58,,,,,,
1977-12-01,1977,12,4,12.68000030518,1.79162260682,1261.0,160.45,177.35,4.7168,6.56,62.1,93.82,7.69,,,,,,
1978-01-01,1978,1,1,12.65999984741,2.30221809927,1261.0,173.18,201.73,4.9238,6.7,62.5,90.25,7.96,,,,,,
1978-02-01,1978,2,1,12.65999984741,2.30221809927,1217.0,178.14,224.41,4.9607,6.78,62.9,88.98,8.03,,,,,,
1978-03-01,1978,3,1,12.65999984741,2.30221809927,1254.0,183.61,226.78,5.2731,6.79,63.4,88.82,8.04,,,,,,
1978-04-01,1978,4,2,12.68000030518,2.30221809927,1285.0,175.28,214.09,5.1672,6.89,63.9,92.71,8.15,,,,,,
1978-05-01,1978,5,2,12.69999980927,2.30221809927,1303.0,176.31,232.73,5.1337,7.36,64.5,97.41,8.35,,,,,,
1978-06-01,1978,6,2,12.72999954224,2.30221809927,1333.0,183.75,244.96,5.3288,7.6,65.2,97.66,8.46,,,,,,
1978-07-01,1978,7,3,12.77000045776,2.30221809927,1337.0,188.73,245.64,5.3613,7.81,65.7,97.19,8.64,,,,,,
1978-08-01,1978,8,3,12.78999996185,2.30221809927,1426.0,206.3,267.35,5.5361,8.04,66.0,103.9,8.41,,,,,,
1978-09-01,1978,9,3,12.80000019073,2.30221809927,1442.0,212.08,269.34,5.5884,8.45,66.5,103.9,8.42,,,,,,
1978-10-01,1978,10,4,12.85000038147,2.30221809927,1506.0,227.44,331.83,5.9447,8.96,67.1,100.6,8.64,,,,,,
1978-11-01,1978,11,4,13.19999980927,2.30221809927,1481.0,206.2,328.51,5.8724,9.76,67.4,94.71,8.81,,,,,,
1978-12-01,1978,12,4,14.5,2.30221809927,1533.0,207.85,340.44,5.935,10.03,67.7,96.11,9.01,,,,,,
1979-01-01,1979,1,1,17.4500002861,3.25948857485,1659.0,227.28,358.47,6.2027,10.07,68.3,99.71,9.1,,,,,,
1979-02-01,1979,2,1,20.75,3.25948857485,1944.0,245.67,410.41,7.3494,10.06,69.1,98.23,9.1,,,,,,
1979-03-01,1979,3,1,22.02499961853,3.25948857485,2050.0,242.05,397.76,7.4159,10.09,69.8,100.1,9.12,,,,,,
1979-04-01,1979,4,2,22.42500019073,3.25948857485,2100.0,239.11,391.16,7.4371,10.01,70.6,102.1,9.18,,,,,,
1979-05-01,1979,5,2,33.5,3.25948857485,1926.0,257.59,430.39,8.376,10.24,71.5,99.73,9.25,,,,,,
1979-06-01,1979,6,2,34.67499923706,3.25948857485,1877.9,279.07,430.29,8.5596,10.29,72.3,101.7,8.91,,,,,,
1979-07-01,1979,7,3,33.5,3.25948857485,1814.0,294.74,411.79,9.0545,10.47,73.1,102.7,8.95,,,,,,
1979-08-01,1979,8,3,34.0,3.25948857485,1976.4,300.82,394.34,9.3067,10.94,73.8,107.4,9.03,,,,,,
1979-09-01,1979,9,3,35.5,3.25948857485,2095.9,354.95,462.93,13.7593,11.43,74.6,108.6,9.33,,,,,,
1979-10-01,1979,10,4,37.25,3.25948857485,2075.9,391.66,519.87,16.6331,13.77,75.2,104.5,10.3,,,,,,
1979-11-01,1979,11,4,40.75,3.25948857485,2090.0,391.99,505.64,16.6502,13.18,75.9,103.7,10.65,,,,,,
1979-12-01,1979,12,4,39.75,3.25948857485,2214.0,455.08,600.53,22.4504,13.78,76.7,107.8,10.39,,,,,,
1980-01-01,1980,1,1,39.0,4.22,2601.0,675.31,806.79,38.8756,13.82,77.8,110.9,10.8,,,,,,
1980-02-01,1980,2,1,37.25,4.22,2918.0,665.32,882.31,35.2435,14.13,78.9,115.3,12.41,,,,,,
1980-03-01,1980,3,1,37.0,4.22,2306.0,553.58,746.54,24.73,17.19,80.1,104.7,12.75,,,,,,
1980-04-01,1980,4,2,36.57500076294,4.22,2070.0,517.41,589.06,14.9487,17.61,81.0,103.0,11.47,,,,,,
1980-05-01,1980,5,2,37.04999923706,4.22,2037.0,513.8,559.65,12.6761,10.98,81.8,107.7,10.18,,,,,,
1980-06-01,1980,6,2,37.0,4.22,2006.0,600.72,641.84,15.7834,9.47,82.7,114.6,9.78,,,,,,
1980-07-01,1980,7,3,35.375,4.22,2176.0,643.27,670.35,16.322,9.03,82.7,119.8,10.25,,,,,,
1980-08-01,1980,8,3,32.94999885559,4.22,2082.1,627.15,644.24,15.9418,9.61,83.3,123.5,11.1,,,,,,
1980-09-01,1980,9,3,32.82500076294,4.22,2060.0,673.63,695.88,19.8868,10.87,84.0,126.5,11.51,,,,,,
1980-10-01,1980,10,4,37.35000038147,4.22,2040.0,661.15,675.6,20.2004,12.81,84.8,130.2,11.75,,,,,,
1980-11-01,1980,11,4,40.29999923706,4.22,2010.0,624.77,632.6,18.5823,15.85,85.5,135.7,12.68,,,,,,
1980-12-01,1980,12,4,39.75,4.22,1879.0,538.26,604.34,16.4618,18.9,86.3,133.5,12.84,,,,,,
1981-01-01,1981,1,1,39.77499961853,4.6,1869.1,557.39,536.01,14.7885,19.08,87.0,133.0,12.57,,,,,,
1981-02-01,1981,2,1,37.89999961853,4.6,1801.0,499.76,479.69,13.0646,15.93,87.9,128.4,13.19,,,,,,
1981-03-01,1981,3,1,37.59999847412,4.6,1818.0,499.11,490.88,12.3407,14.7,88.5,133.2,13.12,,,,,,
1981-04-01,1981,4,2,36.36999893188,4.6,1821.0,495.8,481.17,11.4736,15.72,89.1,134.4,13.68,,,,,,
1981-05-01,1981,5,2,34.28499984741,4.6,1742.0,479.7,461.92,10.8502,18.52,89.8,131.7,14.1,,,,,,
1981-06-01,1981,6,2,32.70999908447,4.6,1700.0,461.09,443.42,9.9981,19.1,90.6,132.3,13.47,,,,,,
1981-07-01,1981,7,3,33.51000022888,4.6,1681.9,409.07,406.71,8.5812,19.04,91.6,129.1,14.28,,,,,,
1981-08-01,1981,8,3,33.984998703,4.6,1787.0,410.16,417.6,8.9159,17.82,92.3,129.6,14.94,,,,,,
1981-09-01,1981,9,3,33.98500061035,4.6,1710.4,443.75,435.61,10.0502,15.87,93.2,118.3,15.32,,,,,,
1981-10-01,1981,10,4,34.61000061035,4.6,1666.3,437.76,420.25,9.2282,15.08,93.4,119.8,15.15,,,,,,
1981-11-01,1981,11,4,35.68000030518,4.6,1651.4,413.37,397.07,8.5389,13.31,93.7,122.9,13.39,,,,,,
1981-12-01,1981,12,4,35.40999984741,4.6,1655.3,410.09,399.45,8.4481,12.37,94.0,123.8,13.72,,,,,,
1982-01-01,1982,1,1,35.04999949137,4.45,1610.6,384.14,369.59,7.9881,13.22,94.3,117.3,14.59,,,,,,
1982-02-01,1982,2,1,32.27333348592,4.45,1598.0,374.13,359.63,8.2848,14.78,94.6,114.5,14.43,,,,,,
1982-03-01,1982,3,1,30.16666653951,4.45,1510.4,330.25,317.62,7.2327,14.68,94.5,110.8,13.86,,,,,,
1982-04-01,1982,4,2,31.56666603088,4.45,1521.7,350.3,337.93,7.3087,14.94,94.9,116.3,13.87,,,,,,
1982-05-01,1982,5,2,33.04333292643,4.45,1527.7,333.71,310.39,6.6834,14.45,95.8,116.4,13.62,,,,,,
1982-06-01,1982,6,2,32.76666666667,4.45,1300.0,314.98,276.26,5.5616,14.15,97.0,109.7,14.3,,,,,,
1982-07-01,1982,7,3,32.91666717529,4.45,1440.9,338.97,287.97,6.4626,12.59,97.5,109.4,13.95,,,,,,
1982-08-01,1982,8,3,32.41666641235,4.45,1451.5,364.23,296.81,7.1078,10.12,97.7,109.7,13.06,,,,,,
1982-09-01,1982,9,3,33.46666641235,4.45,1426.5,437.31,334.13,8.7818,10.31,97.9,122.4,12.34,,,,,,
1982-10-01,1982,10,4,33.78333384196,4.45,1461.0,422.15,334.54,9.3875,9.71,98.2,132.7,10.91,,,,,,
1982-11-01,1982,11,4,32.84999974569,4.45,1443.8,414.89,345.91,9.7906,9.2,98.0,138.1,10.55,,,,,,
1982-12-01,1982,12,4,31.46666679382,4.45,1473.2,444.5,368.72,10.5691,8.95,97.6,139.4,10.54,,,,,,
1983-01-01,1983,1,1,30.65333302816,4.05,1571.9,481.29,452.85,12.339,8.68,97.8,144.3,10.46,,,,,,
1983-02-01,1983,2,1,29.1133333842,4.05,1647.4,491.09,464.51,13.9756,8.51,97.9,146.8,10.72,,,,,,
1983-03-01,1983,3,1,28.32000033061,4.05,1597.7,419.7,401.06,10.6403,8.77,97.9,151.9,10.51,,,,,,
1983-04-01,1983,4,2,29.6933333079,4.05,1674.9,432.88,413.68,11.6129,8.8,98.6,157.7,10.4,,,,,,
1983-05-01,1983,5,2,29.35999997457,4.05,1765.7,438.01,448.52,12.9162,8.63,99.2,164.1,10.38,,,,,,
1983-06-01,1983,6,2,29.96666717529,4.05,1701.2,412.84,422.37,11.739,8.98,99.5,166.4,10.85,,,,,,
1983-07-01,1983,7,3,30.46666653951,4.05,1704.3,402.91,433.27,12.0293,9.37,99.9,167.0,11.38,,,,,,
1983-08-01,1983,8,3,30.65333302816,4.05,1639.8,416.2,435.56,12.0626,9.56,100.2,162.4,11.85,,,,,,
1983-09-01,1983,9,3,30.07000033061,4.05,1560.7,411.8,431.11,11.9562,9.45,100.7,167.2,11.65,,,,,,
1983-10-01,1983,10,4,29.61666679382,4.05,1435.2,393.6,395.87,9.8867,9.48,101.0,167.7,11.54,,,,,,
1983-11-01,1983,11,4,29.16666666667,4.05,1389.1,381.7,387.67,8.8122,9.34,101.2,165.2,11.69,,,,,,
1983-12-01,1983,12,4,28.81333351135,4.05,1415.2,388.34,393.22,9.1454,9.47,101.3,164.4,11.83,,,,,,
1984-01-01,1984,1,1,29.04333305359,3.76,1375.7,370.89,376.25,8.2538,9.56,101.9,166.4,11.67,,,,,,
1984-02-01,1984,2,1,29.203332901,3.76,1429.8,385.96,391.23,9.1182,9.59,102.4,157.3,11.84,,,,,,
1984-03-01,1984,3,1,29.53333346049,3.76,1501.2,394.26,398.43,9.648,9.91,102.6,157.4,12.32,,,,,,
1984-04-01,1984,4,2,29.57333246867,3.76,1532.6,381.37,391.62,9.2472,10.29,103.1,157.6,12.63,,,,,,
1984-05-01,1984,5,2,29.46000035604,3.76,1420.9,377.4,387.86,8.9676,10.32,103.4,156.6,13.41,,,,,,
1984-06-01,1984,6,2,29.05000050863,3.76,1366.5,377.7,381.55,8.7721,11.06,103.7,153.1,13.56,,,,,,
1984-07-01,1984,7,3,27.98666699727,3.76,1330.8,347.71,343.32,7.4553,11.23,104.1,151.1,13.36,,,,,,
1984-08-01,1984,8,3,28.17000007629,3.76,1337.5,347.7,339.78,7.5974,11.64,104.5,164.4,12.72,,,,,,
1984-09-01,1984,9,3,28.35333315531,3.76,1293.6,340.2,326.7,7.2533,11.3,105.0,166.1,12.52,,,,,,
1984-10-01,1984,10,4,27.85333315531,3.76,1273.0,341.0,324.34,7.2903,9.99,105.3,164.8,12.16,,,,,,
1984-11-01,1984,11,4,27.65000025431,3.76,1345.1,342.0,328.49,7.4896,9.43,105.3,166.3,11.57,,,,,,
1984-12-01,1984,12,4,26.81333351135,3.76,1321.1,319.54,304.13,6.6355,8.38,105.3,164.5,11.5,,,,,,
1985-01-01,1985,1,1,26.63333333333,3.65,1359.1,302.79,274.39,6.0992,8.35,105.5,171.6,11.38,,,,,,
1985-02-01,1985,2,1,27.6,3.65,1388.5,299.1,269.4,6.0628,8.5,106.0,180.9,11.51,,,,,,
1985-03-01,1985,3,1,27.85,3.65,1389.9,313.5,260.76,5.994,8.58,106.4,179.4,11.86,,,,,,
1985-04-01,1985,4,2,27.8,3.65,1501.8,326.8,282.72,6.4446,8.27,106.9,180.6,11.43,,,,,,
1985-05-01,1985,5,2,26.65,3.65,1530.6,316.0,272.38,6.2688,7.97,107.3,184.9,10.85,,,,,,
1985-06-01,1985,6,2,26.36666666667,3.65,1432.4,316.5,267.8,6.1771,7.53,107.6,188.9,10.16,,,,,,
1985-07-01,1985,7,3,26.38333333333,3.65,1474.6,317.2,268.91,5.9997,7.88,107.8,192.5,10.31,,,,,,
1985-08-01,1985,8,3,27.01666666667,3.65,1420.2,330.4,307.8,6.1511,7.9,108.0,188.3,10.33,,,,,,
1985-09-01,1985,9,3,26.98333333333,3.65,1366.4,323.35,311.15,6.0549,7.92,108.3,184.1,10.37,,,,,,
1985-10-01,1985,10,4,27.81666666667,3.65,1384.7,325.85,323.46,6.1766,7.99,108.7,186.2,10.24,,,,,,
1985-11-01,1985,11,4,28.6,3.65,1369.5,321.5,334.4,6.1018,8.05,109.0,197.5,9.78,,,,,,
1985-12-01,1985,12,4,26.5,3.65,1390.9,321.9,336.82,5.8522,8.27,109.3,207.3,9.26,,,,,,
1986-01-01,1986,1,1,24.68333333333,3.65,1418.3,347.48,363.76,6.0164,8.14,109.6,208.2,9.19,,,,,,
1986-02-01,1986,2,1,15.91666666667,3.65,1405.5,338.89,376.04,5.8588,7.86,109.3,219.4,8.7,,,,,,
1986-03-01,1986,3,1,12.65,3.65,1445.1,345.7,413.64,5.6226,7.48,108.8,232.3,7.78,,,,,,
1986-04-01,1986,4,2,11.9,3.65,1434.6,340.44,418.39,5.188,6.99,108.6,238.0,7.3,,,,,,
1986-05-01,1986,5,2,13.71666666667,3.65,1418.74,342.4,413.62,5.0728,6.85,108.9,238.5,7.71,,,,,,
1986-06-01,1986,6,2,11.85,3.65,1413.14,342.7,432.49,5.1321,6.92,109.5,245.3,7.8,,,,,,
1986-07-01,1986,7,3,9.61666666667,3.65,1344.3,348.34,438.8,5.0259,6.56,109.5,240.2,7.3,,,,,,
1986-08-01,1986,8,3,13.7,3.65,1303.1,376.66,540.33,5.1823,6.17,109.7,245.0,7.17,,,,,,
1986-09-01,1986,9,3,14.08333333333,3.65,1347.0,417.73,604.48,5.6299,5.89,110.2,238.3,7.45,,,,,,
1986-10-01,1986,10,4,13.95,3.65,1316.8,423.51,581.25,5.6398,5.85,110.3,237.4,7.43,,,,,,
1986-11-01,1986,11,4,14.45,3.65,1303.2,397.56,517.07,5.5513,6.04,110.4,245.1,7.25,,,,,,
1986-12-01,1986,12,4,15.68333333333,3.65,1335.6,390.92,480.61,5.3504,6.91,110.5,248.6,7.11,,,,,,
1987-01-01,1987,1,1,18.06666666667,2.59,1346.0,408.26,515.97,5.507,6.43,111.2,264.5,7.08,,,,,,
1987-02-01,1987,2,1,17.25,2.59,1379.83,401.12,517.86,5.4842,6.1,111.6,280.9,7.25,,,,,,
1987-03-01,1987,3,1,17.75,2.59,1465.72,408.91,532.63,5.6644,6.13,112.1,292.5,7.25,,,,,,
1987-04-01,1987,4,2,17.9,2.59,1484.24,438.35,585.65,7.3495,6.37,112.7,289.3,8.02,,,,,,
1987-05-01,1987,5,2,18.4,2.59,1520.44,460.23,606.73,8.4602,6.85,113.1,289.1,8.61,,,,,,
1987-06-01,1987,6,2,18.71666666667,2.59,1571.87,449.59,569.0,7.4164,6.73,113.5,301.4,8.4,,,,,,
1987-07-01,1987,7,3,19.61666666667,2.59,1694.62,450.52,572.35,7.6087,6.58,113.8,310.1,8.45,,,,,,
1987-08-01,1987,8,3,18.81666666667,2.59,1756.31,461.15,609.92,7.8424,6.73,114.4,329.4,8.76,,,,,,
1987-09-01,1987,9,3,18.28333333333,2.59,1811.01,460.38,590.0,7.6064,7.22,115.0,318.7,9.42,,,,,,
1987-10-01,1987,10,4,18.56666666667,2.59,1967.2,465.35,568.05,7.6074,7.29,115.3,280.2,9.52,,,,,,
1987-11-01,1987,11,4,17.75,2.59,2523.9,467.57,500.3,6.762,6.69,115.4,245.0,8.86,,,,,,
1987-12-01,1987,12,4,16.63333333333,2.59,2868.9,486.24,500.22,6.8125,6.77,115.4,241.0,8.99,,,,,,
1988-01-01,1988,1,1,16.46666666667,2.36,2663.2,476.58,494.07,6.7446,6.83,115.7,250.5,8.67,,,1660.0,1660.0,,25435.188647463357
1988-02-01,1988,2,1,15.85,2.36,2330.2,442.07,458.51,6.3414,6.58,116.0,258.1,8.21,,,1660.0,1660.0,,23593.381689084996
1988-03-01,1988,3,1,14.78333333333,2.36,2359.3,443.61,496.38,6.4105,6.58,116.5,265.7,8.37,,,1660.0,1660.0,,23675.57185761304
1988-04-01,1988,4,2,16.46666666667,2.36,2286.3,451.55,526.98,6.4803,6.87,117.1,262.6,8.72,,,1667.0,1667.0,,24200.955244977627
1988-05-01,1988,5,2,16.21666666667,2.36,2447.99,451.07,548.84,6.5404,7.09,117.5,256.1,9.09,,,1671.0,1671.0,,24233.238452622118
1988-06-01,1988,6,2,15.33333333333,2.36,2540.27,451.33,579.63,7.0155,7.51,118.0,270.7,8.92,,,1683.0,1683.0,,24421.333823362154
1988-07-01,1988,7,3,14.48333333333,2.36,2213.51,437.63,548.64,7.0412,7.75,118.5,269.1,9.06,,,1688.0,1688.0,,23750.381500758784
1988-08-01,1988,8,3,14.55,2.36,2200.68,431.28,532.88,6.7131,8.01,119.0,263.7,9.26,,,1694.0,1694.0,,23488.95992231968
1988-09-01,1988,9,3,13.1,2.36,2435.53,413.46,512.57,6.3781,8.19,119.8,268.0,8.98,,,1702.0,1702.0,,22624.7671450029
1988-10-01,1988,10,4,12.18333333333,2.36,2939.51,406.78,525.73,6.2812,8.3,120.2,277.4,8.8,,,1713.0,1713.0,,22403.094820576454
1988-11-01,1988,11,4,12.53333333333,2.36,3304.66,420.17,575.78,6.2947,8.35,120.3,271.0,8.96,,,1716.0,1716.0,,23181.065082730558
1988-12-01,1988,12,4,14.65,2.36,3498.91,419.05,564.11,6.1245,8.76,120.5,276.5,9.11,,,1725.0,1725.0,,23240.528853031632
1989-01-01,1989,1,1,16.48333333333,2.09,3394.06,404.01,526.93,5.995,9.12,121.1,285.4,9.09,,,1729.0,1729.0,,22458.366776539915
1989-02-01,1989,2,1,16.35,2.09,3096.92,387.51,531.94,5.8847,9.36,121.6,294.0,9.17,,,1731.0,1731.0,,21566.071674662428
1989-03-01,1989,3,1,18.03333333333,2.09,3264.14,390.15,538.03,5.9592,9.85,122.3,292.7,9.36,,,1741.0,1741.0,,21838.431580099106
1989-04-01,1989,4,2,19.2,2.09,3117.91,384.4,537.67,5.7926,9.84,123.1,302.3,9.18,,,1742.0,1742.0,,21528.937240868196
1989-05-01,1989,5,2,18.01666666667,2.09,2738.98,371.05,516.75,5.4531,9.81,123.8,313.9,8.86,,,1759.0,1759.0,,20984.05121063508
1989-06-01,1989,6,2,17.63333333333,2.09,2546.01,367.6,497.35,5.2707,9.53,124.1,323.7,8.28,,,1757.0,1757.0,,20765.305568668777
1989-07-01,1989,7,3,17.66666666667,2.09,2505.0,375.04,501.91,5.2167,9.24,124.4,331.9,8.02,,,1765.0,1765.0,,21282.045227818395
1989-08-01,1989,8,3,16.88333333333,2.09,2762.2,365.14,484.64,5.1823,8.99,124.6,346.6,8.11,,,1775.0,1775.0,,20837.654393672157
1989-09-01,1989,9,3,17.66666666667,2.09,2884.4,361.75,477.67,5.1338,9.02,125.0,347.3,8.19,,,1774.0,1774.0,,20632.56478131088
1989-10-01,1989,10,4,18.41666666667,2.09,2861.4,366.88,485.82,5.1449,8.84,125.6,347.4,8.01,,,1786.0,1786.0,,21066.702099361442
1989-11-01,1989,11,4,18.36666666667,2.09,2591.3,394.26,510.19,5.4833,8.55,125.9,340.2,7.87,,,1780.0,1780.0,,22562.840949022135
1989-12-01,1989,12,4,19.35,2.09,2418.6,409.39,506.81,5.5688,8.45,126.1,348.6,7.84,,,,,,
1990-01-01,1990,1,1,20.35,2.82,2366.64,410.11,497.66,5.2462,8.23,127.4,339.97,8.21,,,,,,
1990-02-01,1990,2,1,19.6,2.82,2360.16,416.81,516.1,5.2893,8.24,128.0,330.45,8.47,,,,,,
1990-03-01,1990,3,1,18.21666666667,2.82,2625.61,393.06,497.06,5.0766,8.28,128.7,338.46,8.59,,,,,,
1990-04-01,1990,4,2,16.55,2.82,2686.15,374.24,478.15,5.0655,8.26,128.9,338.18,8.79,,,,,,
1990-05-01,1990,5,2,16.58333333333,2.82,2741.95,369.05,488.55,5.0791,8.18,129.2,350.25,8.76,,,,,,
1990-06-01,1990,6,2,15.26666666667,2.82,2584.56,352.33,481.11,4.9182,8.29,129.9,360.39,8.48,,,,,,
1990-07-01,1990,7,3,17.16666666667,2.82,2769.49,362.53,478.79,4.8749,8.15,130.4,360.03,8.47,,,,,,
1990-08-01,1990,8,3,26.4,2.82,2957.03,394.73,492.73,5.008,8.13,131.6,330.75,8.75,,,,,,
1990-09-01,1990,9,3,32.7,2.82,3031.37,389.32,461.66,4.8038,8.2,132.7,315.41,8.89,,,,,,
1990-10-01,1990,10,4,34.5,2.82,2743.56,380.74,424.95,4.3891,8.11,133.5,307.12,8.72,,,,,,
1990-11-01,1990,11,4,31.08333333333,2.82,2585.89,381.73,422.24,4.1729,7.81,133.8,315.29,8.39,,,1884.0,1884.0,,23122.152054718208
1990-12-01,1990,12,4,26.13333333333,2.82,2485.38,376.95,420.07,4.0751,7.31,133.8,328.75,8.08,,,1901.0,1901.0,,23038.644670103247
1991-01-01,1991,1,1,22.58333333333,3.44,2448.52,383.64,407.84,4.0517,6.91,134.6,325.49,8.09,,,1912.0,1912.0,,23583.205334781094
1991-02-01,1991,2,1,18.13333333333,3.41,2449.38,363.83,386.79,3.7376,6.25,134.8,362.26,7.85,,,1920.0,1920.0,,22459.01975820272
1991-03-01,1991,3,1,18.06666666667,3.33,2409.63,363.34,399.99,3.9428,6.12,135.0,372.28,8.11,,,1932.0,1932.0,,22568.9521629299
1991-04-01,1991,4,2,18.46666666667,3.47,2472.04,358.38,396.88,3.9755,5.91,135.2,379.68,8.04,,,1939.0,1939.0,,22341.51585265863
1991-05-01,1991,5,2,18.81666666667,3.37,2305.88,356.95,389.64,4.0462,5.78,135.6,377.99,8.07,,,1947.0,1947.0,,22344.178898996914
1991-06-01,1991,6,2,17.93333333333,3.29,2219.28,366.72,376.05,4.3898,5.9,136.0,378.29,8.28,,,1954.0,1954.0,,23038.288761338732
1991-07-01,1991,7,3,19.05,3.0,2236.28,367.69,376.03,4.3475,5.82,136.2,380.23,8.27,,,1959.0,1959.0,,23158.33418339907
1991-08-01,1991,8,3,19.36666666667,2.98,2233.19,356.31,346.35,3.9573,5.66,136.6,389.4,7.9,,,1964.0,1964.0,,22498.86224938043
1991-09-01,1991,9,3,20.05,2.97,2324.57,348.74,349.34,4.0375,5.45,137.2,387.2,7.65,,,1968.0,1968.0,,22065.71067321966
1991-10-01,1991,10,4,21.46666666667,2.71,2363.64,358.69,362.48,4.1154,5.21,137.4,386.88,7.53,,,1979.8,1979.8,,22831.353117410974
1991-11-01,1991,11,4,20.76666666667,2.7,2379.84,360.17,365.11,4.0723,4.81,137.8,385.92,7.42,,,1984.0,1984.0,,22974.193032979518
1991-12-01,1991,12,4,17.75,2.7,2223.14,361.73,353.3,3.9427,4.43,137.9,388.51,7.09,,,1992.0,1992.0,,23166.739996089444
1992-01-01,1992,1,1,17.38333333333,2.57,2139.23,354.45,341.19,4.11,4.03,138.1,416.08,7.03,,,2004.0,2004.0,,22837.247570985375
1992-02-01,1992,2,1,17.61666666667,2.5,2205.97,353.91,362.12,4.1457,4.06,138.6,412.56,7.34,,,2009.0,2009.0,,22859.347672669188
1992-03-01,1992,3,1,17.45,2.58,2227.33,344.34,356.94,4.1101,3.98,139.3,407.36,7.54,,,2017.0,2017.0,,22329.77954413122
1992-04-01,1992,4,2,18.63333333333,2.47,2215.33,338.62,347.3,4.0505,3.73,139.5,407.41,7.48,,,2022.0,2022.0,,22013.283093805127
1992-05-01,1992,5,2,19.5,2.49,2216.52,337.24,358.59,4.0715,3.82,139.7,414.81,7.39,,,2031.0,2031.0,,22021.15359656513
1992-06-01,1992,6,2,20.83333333333,2.5,2299.2,340.81,369.13,4.0639,3.76,140.2,408.27,7.26,,,2033.0,2033.0,,22276.182642063988
1992-07-01,1992,7,3,20.16666666667,2.55,2520.32,352.72,383.12,3.9675,3.25,140.5,415.05,6.84,,,2031.0,2031.0,,23031.969210593204
1992-08-01,1992,8,3,19.61666666667,2.56,2521.64,343.06,359.55,3.8123,3.3,140.9,417.93,6.59,,,2031.5,2031.5,,22406.703741878788
1992-09-01,1992,9,3,20.15,2.57,2414.06,345.43,362.14,3.7719,3.22,141.3,418.48,6.42,,,2038.0,2038.0,,22633.686405115972
1992-10-01,1992,10,4,20.08333333333,2.63,2249.15,344.38,358.07,3.7525,3.1,141.8,412.5,6.59,,,2045.5,2045.5,,22647.927578308547
1992-11-01,1992,11,4,18.88333333333,2.64,2158.32,335.02,356.11,3.771,3.09,142.0,422.84,6.87,,,2064.0,2064.0,,22231.63939023048
1992-12-01,1992,12,4,17.93333333333,2.64,2206.82,334.82,361.97,3.7252,2.92,141.9,435.64,6.77,,,2067.5,2067.5,,22256.04405742833
1993-01-01,1993,1,1,17.21666666667,2.76,2256.85,329.01,359.14,3.6835,3.02,142.6,435.23,6.6,,,2065.0,2065.0,,21843.398870443965
1993-02-01,1993,2,1,18.16666666667,2.74,2212.6,329.31,359.02,3.6555,3.03,143.1,441.7,6.26,,,2067.0,2067.0,,21884.49138264826
1993-03-01,1993,3,1,18.46666666667,2.75,2152.59,330.08,350.46,3.647,3.07,143.6,450.16,5.98,,,2071.0,2071.0,,21978.11146308891
1993-04-01,1993,4,2,18.43333333333,2.68,1949.88,342.15,368.01,3.9516,2.96,144.0,443.08,5.97,,,2079.5,2079.5,,22875.285923019383
1993-05-01,1993,5,2,18.16666666667,2.68,1794.5,367.18,385.16,4.464,3.0,144.2,445.25,6.04,,,2081.4,2081.4,,24571.158295718247
1993-06-01,1993,6,2,17.46666666667,2.68,1853.42,371.89,383.02,4.3757,3.04,144.4,448.06,5.96,,,2089.0,2089.0,,24977.214444399346
1993-07-01,1993,7,3,16.31666666667,2.66,1927.16,392.19,403.65,5.0194,3.06,144.4,447.29,5.81,,,2096.0,2096.0,,26428.885917988435
1993-08-01,1993,8,3,16.48333333333,2.65,1947.45,378.84,391.9,4.8377,3.03,144.8,454.13,5.68,,,2102.0,2102.0,,25602.33652078407
1993-09-01,1993,9,3,15.9,2.62,1861.86,355.28,362.46,4.2185,3.09,145.1,459.24,5.36,,,2105.5,2105.5,,24050.11005071947
1993-10-01,1993,10,4,16.51666666667,2.62,1646.4,364.18,367.91,4.343,2.99,145.7,463.9,5.33,,,2101.6,2101.6,,24606.91751347875
1993-11-01,1993,11,4,15.2,2.62,1630.02,373.83,374.41,4.5332,3.02,145.8,462.89,5.72,,,2103.3,2103.3,,25279.380953321594
1993-12-01,1993,12,4,13.76666666667,2.6,1724.19,383.3,383.17,4.9717,2.96,145.8,465.95,5.77,,,2111.2,2111.2,,26017.12230447498
1994-01-01,1994,1,1,14.13333333333,2.47,1805.35,386.88,387.8,5.1458,3.05,146.2,472.99,5.75,,,2115.2,2115.2,,26309.874656842218
1994-02-01,1994,2,1,13.78333333333,2.36,1866.4,381.91,394.02,5.2473,3.25,146.7,471.58,5.97,,,2145.1,2145.1,,26339.021398405213
1994-03-01,1994,3,1,13.61666666667,2.36,1914.87,384.13,400.28,5.435,3.34,147.2,463.81,6.48,,,2155.0,2155.0,,26614.39283212223
1994-04-01,1994,4,2,15.08333333333,2.36,1881.82,377.27,397.9,5.352,3.56,147.4,447.23,6.97,,,2156.5,2156.5,,26157.29296861115
1994-05-01,1994,5,2,16.28333333333,2.36,2150.6,381.43,398.01,5.4195,4.01,147.5,450.9,7.18,,,2164.2,2164.2,,26540.145698438446
1994-06-01,1994,6,2,17.16666666667,2.36,2364.2,385.64,401.09,5.3876,4.25,148.0,454.83,7.1,,,2170.0,2170.0,,26904.992177594755
1994-07-01,1994,7,3,17.88333333333,2.42,2458.19,385.49,411.95,5.2823,4.26,148.4,451.4,7.3,,,2165.4,2165.4,,26837.515669630866
1994-08-01,1994,8,3,17.0,2.46,2406.23,380.36,412.19,5.1972,4.47,149.0,464.24,7.24,,,2173.8,2173.8,,26583.091443976453
1994-09-01,1994,9,3,16.2,2.48,2505.93,391.58,417.28,5.5237,4.73,149.4,466.96,7.46,,,2176.1,2176.1,,27396.20536569725
1994-10-01,1994,10,4,16.46666666667,2.56,2547.67,389.77,419.4,5.4541,4.76,149.5,463.81,7.74,,,2171.1,2171.1,,27206.914919556515
1994-11-01,1994,11,4,17.08333333333,2.57,2802.45,384.39,412.37,5.1924,5.29,149.7,461.01,7.96,,,2178.6,2178.6,,26924.06573659958
1994-12-01,1994,12,4,15.94,2.56,2985.3,379.29,410.85,4.7795,5.45,149.7,455.19,7.81,,,2198.0,2198.0,,26803.415751900768
1995-01-01,1995,1,1,16.9,2.66,3008.93,378.55,413.9,4.7731,5.53,150.3,465.25,7.78,,,2217.0,2217.0,,26982.36455674949
1995-02-01,1995,2,1,17.41666666667,2.66,2877.65,376.64,413.97,4.7215,5.92,150.9,481.92,7.47,,,2216.5,2216.5,,26840.168556333225
1995-03-01,1995,3,1,17.34666666667,2.65,2924.04,382.12,416.89,4.6485,5.98,151.4,493.15,7.2,,,2238.0,2238.0,,27494.822057963633
1995-04-01,1995,4,2,18.64666666667,2.71,2903.5,391.03,448.29,5.4777,6.05,151.9,507.91,7.06,,,2233.0,2233.0,,28073.067059821427
1995-05-01,1995,5,2,18.42333333333,2.71,2773.31,385.22,437.35,5.5598,6.01,152.2,523.81,6.63,,,2226.5,2226.5,,27575.44873568604
1995-06-01,1995,6,2,17.36333333333,2.73,2994.64,387.56,438.53,5.3637,6.0,152.5,539.35,6.17,,,2227.0,2227.0,,27749.184618486124
1995-07-01,1995,7,3,16.08333333333,2.8,3075.67,386.23,433.63,5.1648,5.85,152.5,557.37,6.28,,,2235.0,2235.0,,27753.29766349465
1995-08-01,1995,8,3,16.46666666667,2.8,3036.84,383.67,425.34,5.3982,5.74,152.9,559.11,6.49,,,2266.5,2266.5,,27957.90517541113
1995-09-01,1995,9,3,16.82,2.78,2915.52,383.06,429.65,5.4295,5.8,153.2,578.77,6.2,,,2265.5,2265.5,,27901.1390135009
1995-10-01,1995,10,4,16.12333333333,2.75,2813.55,383.14,412.66,5.3741,5.76,153.7,582.92,6.04,,,2271.0,2271.0,,27974.716318530667
1995-11-01,1995,11,4,16.74333333333,2.75,2977.36,385.31,413.12,5.3151,5.8,153.6,595.53,5.93,,,2283.5,2283.5,,28288.007500177602
1995-12-01,1995,12,4,17.86666666667,2.73,2926.26,387.44,408.71,5.1769,5.6,153.5,614.57,5.71,,,2286.5,2286.5,,28481.753525380802
1996-01-01,1996,1,1,17.8,2.75,2616.41,399.45,415.48,5.4605,5.56,154.4,614.42,5.65,,,2292.0,2292.0,,29435.27522299372
1996-02-01,1996,2,1,17.69666666667,2.77,2537.71,404.76,420.21,5.6567,5.22,154.9,649.54,5.81,,,2316.5,2316.5,,30145.393263559523
1996-03-01,1996,3,1,19.4,2.67,2561.02,396.21,411.19,5.5241,5.31,155.7,647.07,6.27,,,2338.0,2338.0,,29782.489782621342
1996-04-01,1996,4,2,20.66,3.1,2595.78,392.85,404.39,5.4209,5.22,156.3,647.17,6.51,,,2328.5,2328.5,,29409.934808316997
1996-05-01,1996,5,2,19.06333333333,2.81,2658.26,391.93,401.42,5.3652,5.24,156.6,661.23,6.74,,,2332.5,2332.5,,29391.464204413314
1996-06-01,1996,6,2,18.51333333333,2.81,2173.4,385.27,392.25,5.1615,5.27,156.7,668.5,6.91,,,2326.5,2326.5,,28817.699730597316
1996-07-01,1996,7,3,19.58666666667,2.78,1985.57,383.47,393.66,5.0653,5.4,157.0,644.07,6.87,,,2352.5,2352.5,,29003.612065645346
1996-08-01,1996,8,3,20.44,2.79,2008.57,387.35,400.03,5.1354,5.22,157.3,662.68,6.64,,,2342.0,2342.0,,29166.31172242455
1996-09-01,1996,9,3,22.25666666667,2.79,1941.45,383.14,389.86,5.0388,5.3,157.8,674.88,6.83,,,2322.8,2322.8,,28612.800997218423
1996-10-01,1996,10,4,23.61,2.94,1961.17,381.07,384.18,4.9276,5.24,158.3,701.46,6.53,,,2329.3,2329.3,,28537.849858637026
1996-11-01,1996,11,4,22.39,2.96,2230.86,377.85,381.98,4.8332,5.31,158.6,735.67,6.2,,,2345.0,2345.0,,28487.434240792016
1996-12-01,1996,12,4,23.62333333333,2.96,2268.08,369.0,370.7,4.8264,5.29,158.6,743.25,6.3,,,2362.0,2362.0,,28021.88339279164
1997-01-01,1997,1,1,23.22666666667,2.89,2434.93,355.11,360.1,4.7747,5.25,159.1,766.22,6.58,,,2376.5,2376.5,,27132.6231606365
1997-02-01,1997,2,1,20.42,2.89,2405.85,346.58,365.01,5.0722,5.19,159.6,798.39,6.42,,4.61,2396.5,2396.5,,26703.73396970206
1997-03-01,1997,3,1,19.33,2.83,2421.29,351.81,378.9,5.1962,5.39,160.0,792.16,6.69,,4.03,2401.0,2401.0,,27157.600914891937
1997-04-01,1997,4,2,17.88,2.77,2391.18,344.47,371.08,4.7726,5.51,160.2,763.93,6.89,,4.75,2430.0,2430.0,,26912.171439303536
1997-05-01,1997,5,2,19.36743333333,2.74,2514.33,343.84,387.5,4.7496,5.5,160.1,833.09,6.71,,4.86,2433.5,2433.5,,26901.643355832166
1997-06-01,1997,6,2,17.92,2.76,2612.62,340.76,430.76,4.7569,5.56,160.3,876.29,6.49,,4.51,2431.5,2431.5,,26638.756346364466
1997-07-01,1997,7,3,18.33,2.67,2450.46,324.1,415.52,4.3724,5.52,160.5,925.29,6.22,,5.25,2615.0,2615.0,,27248.448957963443
1997-08-01,1997,8,3,18.7,2.67,2251.2,324.01,424.55,4.4964,5.54,160.8,927.24,6.3,,5.37,2935.0,2935.0,,30574.37456638288
1997-09-01,1997,9,3,18.66174603175,2.7,2107.3,322.82,424.73,4.7319,5.54,161.2,937.02,6.21,,6.38,3270.0,3270.0,,33939.016103820264
1997-10-01,1997,10,4,20.04,2.63,2052.26,324.87,423.12,5.0348,5.5,161.6,951.16,6.03,,7.34,3600.0,3600.0,,37601.32693590062
1997-11-01,1997,11,4,19.08666666667,2.66,1917.45,306.04,392.29,5.0779,5.52,161.5,938.92,5.88,,8.4,3660.0,3660.0,,36012.256996298245
1997-12-01,1997,12,4,17.09,2.65,1762.33,288.74,365.42,5.8368,5.5,161.3,962.37,5.81,,8.81,5550.0,5550.0,,51521.79643145232
1998-01-01,1998,1,1,15.0,2.65,1688.45,289.1,373.86,5.8871,5.56,161.6,963.36,5.54,,10.31,10050.0,10050.0,,93412.54737155301
1998-02-01,1998,2,1,14.1,2.63,1664.8,297.49,386.08,6.8069,5.51,161.9,1023.74,5.57,,16.25,8950.0,8950.0,,85602.50409047518
1998-03-01,1998,3,1,13.12333333333,2.61,1747.98,295.94,398.99,6.2429,5.49,162.2,1076.83,5.65,,29.99,8700.0,8700.0,,82777.81987382195
1998-04-01,1998,4,2,13.5,2.54,1800.9,308.29,413.75,6.341,5.45,162.5,1112.2,5.64,,36.8,8000.0,8000.0,,79294.02927713856
1998-05-01,1998,5,2,14.02666666667,2.51,1732.53,299.1,388.9,5.575,5.49,162.8,1108.42,5.65,,42.65,11450.0,11450.0,,110106.50101984742
1998-06-01,1998,6,2,12.479,2.5,1660.52,292.32,355.43,5.263,5.56,163.0,1108.39,5.5,,49.67,14800.0,14800.0,,139094.9323067317
1998-07-01,1998,7,3,12.69966666667,2.4,1651.04,292.87,378.43,5.4552,5.54,163.2,1156.58,5.46,,56.67,13150.0,13150.0,,123820.25729033611
1998-08-01,1998,8,3,12.48796666667,2.37,1620.93,284.11,369.18,5.1792,5.55,163.4,1074.62,5.34,,68.72,11050.0,11050.0,,100934.5521141225
1998-09-01,1998,9,3,13.80333333333,2.33,1647.64,288.98,361.15,4.9992,5.51,163.6,1020.64,4.81,,77.72,10700.0,10700.0,,99412.87335440262
1998-10-01,1998,10,4,13.26333333333,2.17,1586.39,295.93,342.6,5.0092,5.07,164.0,1032.47,4.53,,82.4,7600.0,7600.0,,72309.215283611
1998-11-01,1998,11,4,11.88,2.15,1573.95,294.12,347.18,4.9733,4.83,164.0,1144.43,4.83,,79.41,7437.5,7437.5,,70330.32075693866
1998-12-01,1998,12,4,10.41,2.13,1473.57,291.68,351.79,4.8775,4.68,163.9,1190.05,4.65,,78.15,8000.0,8000.0,,75021.83807309928
1999-01-01,1999,1,1,11.44333333333,2.02,1431.18,287.08,355.11,5.1393,4.63,164.3,1248.77,4.72,,77.63,8850.0,8850.0,,81684.05147555724
1999-02-01,1999,2,1,10.75333333333,2.01,1410.78,287.33,364.07,5.5306,4.76,164.5,1246.58,5.0,,70.66,8800.0,8800.0,,81293.29130176213
1999-03-01,1999,3,1,13.16666666667,1.95,1378.35,285.96,369.93,5.1942,4.81,165.0,1281.66,5.23,,53.39,8650.0,8650.0,,79526.60777781601
1999-04-01,1999,4,2,15.86666666667,1.87,1466.0,282.62,357.15,5.0603,4.74,166.2,1334.76,5.18,,45.44,8017.5,8017.5,,72850.56473172158
1999-05-01,1999,5,2,16.06333333333,1.89,1511.16,276.44,356.01,5.2619,4.74,166.2,1332.07,5.54,,37.97,8115.0,8115.0,,72124.11057531678
1999-06-01,1999,6,2,16.39333333333,1.91,1422.48,261.31,356.78,5.0269,4.76,166.2,1322.55,5.9,,30.73,6705.0,6705.0,,56330.79418311203
1999-07-01,1999,7,3,18.98666666667,2.0,1640.0,256.08,349.06,5.1797,4.99,166.7,1380.99,5.79,,24.52,6880.0,6880.0,,56644.16268730446
1999-08-01,1999,8,3,20.27,2.08,1647.62,256.69,350.06,5.2603,5.07,167.1,1327.49,5.94,,13.49,7675.0,7675.0,,63340.04917418107
1999-09-01,1999,9,3,22.7,2.2,1750.34,264.74,370.93,5.2089,5.22,167.9,1318.17,5.92,,6.01,8300.0,8300.0,,70646.18576660214
1999-10-01,1999,10,4,21.95,2.47,1724.12,310.72,421.14,5.4123,5.2,168.2,1300.01,6.11,,1.25,6825.0,6825.0,,68180.9308212129
1999-11-01,1999,11,4,24.16333333333,2.51,1727.55,293.18,434.02,5.1538,5.42,168.3,1391.0,6.03,,1.44,7315.0,7315.0,,68950.86725481442
1999-12-01,1999,12,4,25.1,2.66,1764.75,283.07,439.13,5.1573,5.3,168.3,1428.68,6.28,,1.6,6987.5,6987.5,,63592.62142038089
2000-01-01,2000,1,1,25.31,3.36,1843.98,284.32,441.0,5.1882,5.45,168.8,1425.59,6.66,,1.92,7445.0,7445.0,,68055.49146840072
2000-02-01,2000,2,1,27.22096666667,3.46,1800.83,299.86,519.71,5.2467,5.73,169.8,1388.87,6.52,,0.28,7435.0,7435.0,,71678.77450922143
2000-03-01,2000,3,1,27.49,3.51,1739.39,286.39,479.33,5.0649,5.85,171.2,1442.21,6.26,,-0.89,7570.0,7570.0,,69701.9279851055
2000-04-01,2000,4,2,23.47,3.68,1678.75,279.69,497.55,5.0645,6.02,171.3,1461.36,5.99,,-1.17,7925.0,7925.0,,71263.52028915302
2000-05-01,2000,5,2,27.18666666667,3.55,1785.62,275.19,525.89,4.9796,6.27,171.5,1418.48,6.44,,0.07,8645.0,8645.0,,76487.19033236823
2000-06-01,2000,6,2,29.62076666667,3.6,1753.18,285.73,559.73,4.9976,6.53,172.4,1461.96,6.1,,1.2,8760.0,8760.0,,80473.1514773937
2000-07-01,2000,7,3,28.17666666667,3.96,1799.36,281.59,560.29,4.9692,6.54,172.8,1473.0,6.05,,2.04,8925.0,8925.0,,80800.95888187009
2000-08-01,2000,8,3,29.2629,4.01,1855.86,274.47,577.61,4.8864,6.5,172.8,1485.46,5.83,,4.45,8325.0,8325.0,,73463.25829400525
2000-09-01,2000,9,3,32.08283333333,4.03,1960.41,273.68,591.9,4.8904,6.52,173.7,1468.05,5.8,,5.73,8760.0,8760.0,,77079.38297110246
2000-10-01,2000,10,4,31.40016666667,4.31,1898.59,270.0,579.72,4.8302,6.51,174.0,1390.14,5.74,,6.64,9347.5,9347.5,,81142.85795856752
2000-11-01,2000,11,4,32.331,4.39,1795.11,266.01,593.34,4.6814,6.51,174.1,1378.04,5.72,,7.97,9530.0,9530.0,,81504.56350268854
2000-12-01,2000,12,4,25.20466666667,4.44,1850.55,271.45,609.5,4.6398,6.4,174.0,1330.93,5.24,,9.12,9675.0,9675.0,,84436.82250982309
2001-01-01,2001,1,1,25.95727272727,4.65,1787.5,265.49,620.47,4.6571,5.98,175.1,1335.63,5.16,,9.35,9450.0,9450.0,,80662.38112647265
2001-02-01,2001,2,1,27.23883333333,4.59,1765.65,261.87,600.92,4.5574,5.49,175.8,1305.75,5.1,,8.28,9865.0,9865.0,,83056.552378736
2001-03-01,2001,3,1,25.02257575758,4.57,1738.77,263.03,584.23,4.404,5.31,176.2,1185.85,4.89,,9.14,10417.5,10417.5,,88096.74373766473
2001-04-01,2001,4,2,25.718,4.48,1664.16,260.48,594.86,4.365,4.8,176.9,1189.84,5.14,,10.62,11600.0,11600.0,,97145.66700787611
2001-05-01,2001,5,2,27.54682539683,4.36,1682.21,272.36,610.7,4.4333,4.21,177.7,1270.37,5.39,,10.51,11125.0,11125.0,,97416.92285667562
2001-06-01,2001,6,2,26.96603174603,4.33,1608.45,270.23,579.72,4.3738,3.97,178.0,1238.71,5.28,,10.82,11390.0,11390.0,,98957.41623328747
2001-07-01,2001,7,3,24.80367965368,3.75,1525.21,267.53,530.84,4.2543,3.77,177.5,1204.45,5.24,,12.11,9500.0,9500.0,,81712.2476802979
2001-08-01,2001,8,3,25.82115942029,3.79,1464.43,272.39,451.7,4.2208,3.65,177.5,1178.5,4.97,,13.04,8862.5,8862.5,,77613.71471500576
2001-09-01,2001,9,3,25.20766666667,3.79,1426.33,283.42,457.9,4.353,3.07,178.3,1044.64,4.73,,12.23,9707.5,9707.5,,88456.33778150487
2001-10-01,2001,10,4,20.73188405797,3.52,1377.28,283.06,431.39,4.4012,2.49,177.7,1076.59,4.57,,13.01,10475.0,10475.0,,95328.68364092338
2001-11-01,2001,11,4,18.68818181818,3.46,1427.73,276.16,429.89,4.1226,2.09,177.4,1129.68,4.65,,12.47,10465.0,10465.0,,92916.12055408547
2001-12-01,2001,12,4,18.51978947368,3.4,1471.74,275.85,461.73,4.3695,1.82,176.7,1144.93,5.09,,12.91,10400.0,10400.0,,92235.34778594271
2002-01-01,2002,1,1,19.15481240981,3.06,1503.96,281.51,472.11,4.5149,1.73,177.1,1140.21,5.04,,12.55,10315.0,10315.0,,93358.55501530298
2002-02-01,2002,2,1,19.97523684211,3.03,1561.9,295.5,471.15,4.4232,1.74,177.8,1100.67,4.91,,14.42,10150.0,10150.0,,96430.53795195011
2002-03-01,2002,3,1,23.64066666667,2.97,1604.88,294.06,512.05,4.5393,1.73,178.8,1153.79,5.28,,15.13,9825.0,9825.0,,92887.99186591257
2002-04-01,2002,4,2,25.43424242424,2.81,1590.33,302.68,539.2,4.5757,1.75,179.8,1111.93,5.21,,14.08,9330.0,9330.0,,90793.84977309032
2002-05-01,2002,5,2,25.67234519104,2.83,1595.68,314.49,533.85,4.6992,1.75,179.8,1079.25,5.16,,13.3,8697.5,8697.5,,87941.19038807906
2002-06-01,2002,6,2,24.48805750487,2.9,1647.53,321.18,554.7,4.9044,1.75,179.9,1014.02,4.93,,12.93,8713.0,8713.0,,89971.97830951169
2002-07-01,2002,7,3,25.75474810214,2.95,1589.46,313.29,526.2,4.9186,1.73,180.1,903.59,4.65,,11.48,9064.5,9064.5,,91302.24325918446
2002-08-01,2002,8,3,26.7758008658,3.01,1479.55,310.26,544.84,4.5403,1.74,180.7,912.55,4.26,,10.05,8855.0,8855.0,,88329.42753203718
2002-09-01,2002,9,3,28.28079365079,3.08,1478.71,319.14,556.33,4.5536,1.75,181.0,867.81,3.87,,10.6,8994.0,8994.0,,92283.73980364793
2002-10-01,2002,10,4,27.5268115942,3.28,1483.76,316.56,580.2,4.4013,1.75,181.3,854.63,3.94,,10.48,9230.0,9230.0,,93939.62028064977
2002-11-01,2002,11,4,24.54248120301,3.34,1582.29,319.07,588.1,4.5108,1.34,181.3,909.93,4.05,,10.33,8977.5,8977.5,,92094.235747947
2002-12-01,2002,12,4,27.88698412698,3.36,1595.68,331.92,595.44,4.6313,1.24,180.9,899.18,4.03,,10.48,8950.0,8950.0,,95509.70841947805
2003-01-01,2003,1,1,30.75031746032,3.61,1647.66,356.859,627.91,4.8062,1.24,181.7,895.84,4.05,,10.03,8870.0,8870.0,,101768.02260254067
2003-02-01,2003,2,1,32.88337719298,3.67,1683.8,358.97,681.7,4.6551,1.26,183.1,837.03,3.9,,8.74,8883.5,8883.5,,102525.83707940973
2003-03-01,2003,3,1,30.35920634921,3.74,1658.976,340.55,674.33,4.5283,1.25,184.2,846.63,3.81,,7.34,8901.5,8901.5,,97461.96042623764
2003-04-01,2003,4,2,25.55596825397,4.03,1587.475,328.18,624.91,4.4932,1.26,183.8,890.03,3.96,,7.23,8673.5,8673.5,,91516.11082912763
2003-05-01,2003,5,2,26.06491269841,4.04,1648.275,355.683,650.36,4.7413,1.26,183.5,935.96,3.57,,7.71,8310.0,8310.0,,95028.78887160294
2003-06-01,2003,6,2,27.91714285714,4.05,1686.5,356.352,661.67,4.5262,1.22,183.7,988.0,3.33,,7.24,8250.0,8250.0,,94520.10844009568
2003-07-01,2003,7,3,28.59158761528,4.04,1710.0,351.02,681.52,4.797,1.01,183.9,992.54,3.98,,7.0,8510.0,8510.0,,96040.07356502344
2003-08-01,2003,8,3,29.67555555556,3.98,1760.275,359.768,692.19,4.9893,1.03,184.6,989.53,4.45,,6.18,8485.0,8485.0,,98144.38108089575
2003-09-01,2003,9,3,26.88233044733,3.97,1789.523,378.945,705.25,5.1708,1.01,185.2,1019.44,4.27,,6.49,8395.0,8395.0,,102279.34630767709
2003-10-01,2003,10,4,29.01449275362,3.88,1920.543,378.92,732.48,5.0022,1.01,185.0,1038.73,4.29,,6.34,8496.5,8496.5,,103509.12860005414
2003-11-01,2003,11,4,29.12274074074,3.9,2055.425,389.91,760.38,5.1777,1.0,184.5,1049.9,4.3,,6.43,8505.0,8505.0,,106617.80904184963
2003-12-01,2003,12,4,29.96920634921,3.97,2201.286,406.953,807.87,5.6276,0.98,184.3,1080.64,4.27,,5.46,8422.5,8422.5,,110198.66571636774
2004-01-01,2004,1,1,31.36771929825,3.87,2423.571,413.788,849.93,6.3005,1.0,185.2,1132.52,4.15,,5.07,8458.5,8458.5,,112528.44241515792
2004-02-01,2004,2,1,31.33133333333,3.89,2759.525,404.878,846.32,6.4406,1.01,186.2,1143.36,4.08,,4.82,8455.0,8455.0,,110059.83388969557
2004-03-01,2004,3,1,33.66507246377,3.86,3008.717,406.667,899.76,7.2254,1.0,187.4,1123.98,3.83,,4.6,8563.5,8563.5,,111964.74519208734
2004-04-01,2004,4,2,33.71139249639,3.92,2948.725,403.26,880.64,7.1486,1.0,188.0,1133.36,4.35,,5.11,8783.0,8783.0,,113872.5616680898
2004-05-01,2004,5,2,37.55789891395,3.95,2733.5,383.779,809.83,5.8674,1.0,189.1,1102.78,4.72,,5.91,9267.5,9267.5,,114349.65632202249
2004-06-01,2004,6,2,35.54274170274,4.01,2686.705,392.373,807.55,5.8618,1.03,189.7,1132.76,4.73,,6.47,9395.0,9395.0,,118518.72247928244
2004-07-01,2004,7,3,37.891998557,4.28,2808.432,398.091,809.52,6.3141,1.26,189.4,1105.85,4.5,,6.83,9142.0,9142.0,,117007.75271528488
2004-08-01,2004,8,3,42.08406926407,4.34,2846.095,400.51,848.68,6.66,1.43,189.5,1088.94,4.28,,7.2,9367.5,9367.5,,120622.44517307467
2004-09-01,2004,9,3,41.59682539683,4.41,2894.864,405.275,847.89,6.4034,1.61,189.9,1117.66,4.13,,6.67,9149.5,9149.5,,119217.01346583865
2004-10-01,2004,10,4,46.88111111111,4.83,3012.238,420.464,841.43,7.095,1.76,190.9,1117.21,4.1,,6.28,9087.5,9087.5,,122846.92880379212
2004-11-01,2004,11,4,42.12554545455,4.96,3122.795,439.375,854.41,7.4926,1.93,191.0,1168.94,4.19,,6.22,9000.0,9000.0,,127136.10846231827
2004-12-01,2004,12,4,39.04494444444,5.01,3145.452,442.079,848.24,7.085,2.16,190.3,1199.21,4.23,,6.18,9282.5,9282.5,,131933.74952539068
2005-01-01,2005,1,1,42.97227777778,5.46,3170.0,424.03,859.07,6.619,2.28,190.7,1181.41,4.22,,6.4,9165.0,9165.0,,124945.35498359463
2005-02-01,2005,2,1,44.81821052632,5.49,3253.7,423.35,864.32,7.03,2.5,191.8,1199.63,4.17,,7.32,9264.5,9264.5,,126099.28144753259
2005-03-01,2005,3,1,50.94287878788,5.52,3379.49,433.85,866.83,7.2282,2.63,193.3,1194.9,4.5,,7.15,9471.0,9471.0,,132107.20384802768
2005-04-01,2005,4,2,50.64047619048,5.86,3394.476,429.233,864.86,7.1188,2.79,194.6,1164.43,4.34,,8.81,9570.0,9570.0,,132067.54461610544
2005-05-01,2005,5,2,47.82657287157,5.89,3249.1,421.873,866.23,7.0224,3.0,194.4,1178.28,4.14,,8.13,9518.0,9518.0,,129097.69669222317
2005-06-01,2005,6,2,53.8903030303,5.91,3524.068,430.657,880.09,7.3105,3.04,194.5,1202.25,4.0,,7.4,9760.0,9760.0,,135136.41407445483
2005-07-01,2005,7,3,56.36580952381,6.42,3614.214,424.479,873.67,7.0145,3.26,195.4,1222.24,4.18,,7.42,9805.0,9805.0,,133811.94076026895
2005-08-01,2005,8,3,61.89052042161,6.56,3797.75,437.93,898.43,7.0334,3.5,196.4,1224.27,4.26,,7.84,10300.0,10300.0,,145021.69738143228
2005-09-01,2005,9,3,61.6876984127,6.58,3857.841,456.048,914.64,7.1536,3.62,198.8,1225.92,4.2,,8.33,10300.0,10300.0,,151021.52181263544
2005-10-01,2005,10,4,58.18507936508,7.28,4059.762,469.898,931.0,7.6705,3.78,199.2,1191.96,4.46,,9.06,10122.5,10122.5,,152926.39262116188
2005-11-01,2005,11,4,55.04282539683,7.46,4269.341,476.666,962.61,7.8725,4.0,197.6,1237.37,4.54,,17.89,10025.0,10025.0,,153634.8068329133
2005-12-01,2005,12,4,56.42964285714,7.49,4576.775,510.097,976.59,8.627,4.16,196.8,1262.07,4.47,,18.38,9830.0,9830.0,,161211.9938308633
2006-01-01,2006,1,1,62.45703968254,7.96,4734.333,549.864,1026.05,9.1391,4.29,198.3,1278.73,4.42,,17.11,9370.0,9370.0,,165647.90210205698
2006-02-01,2006,2,1,59.70492105263,7.95,4982.4,554.995,1041.5,9.5349,4.49,198.7,1276.65,4.57,,17.03,9182.5,9182.5,,163847.97173221485
2006-03-01,2006,3,1,60.92927536232,7.99,5102.848,557.093,1041.09,10.3838,4.59,199.8,1293.74,4.72,,17.92,9087.0,9087.0,,162756.85588306966
2006-04-01,2006,4,2,67.97057504873,8.24,6387.778,610.653,1098.75,12.6144,4.79,201.5,1302.17,4.99,,15.74,8785.0,8785.0,,172475.4643828114
2006-05-01,2006,5,2,68.6759486166,8.28,8045.857,675.393,1260.83,13.3772,4.94,202.5,1290.01,5.11,,15.4,9255.0,9255.0,,200966.67183522068
2006-06-01,2006,6,2,68.29015151515,8.29,7197.614,596.145,1188.55,10.7964,4.99,202.9,1253.17,5.11,,15.6,9263.0,9263.0,,177539.35261025224
2006-07-01,2006,7,3,72.4501336675,8.58,7712.095,633.71,1228.83,11.2324,5.24,203.5,1260.24,5.09,,15.53,9095.0,9095.0,,185303.80018480765
2006-08-01,2006,8,3,71.81188405797,8.71,7695.659,632.593,1233.52,12.1874,5.25,203.9,1287.15,4.88,,15.15,9117.0,9117.0,,185424.62047201104
2006-09-01,2006,9,3,62.12125396825,8.77,7602.357,598.186,1183.6,11.6769,5.25,202.9,1317.74,4.72,,14.9,9205.0,9205.0,,177031.72431192643
2006-10-01,2006,10,4,57.91046897547,8.97,7500.386,585.78,1082.45,11.5586,5.25,201.8,1363.38,4.73,,14.55,9094.0,9094.0,,171269.70577128534
2006-11-01,2006,11,4,58.14304545455,8.99,7029.182,627.827,1183.0,12.9311,5.25,201.5,1388.64,4.6,,6.29,9165.0,9165.0,,184996.50350985842
2006-12-01,2006,12,4,60.9944122807,8.92,6675.105,629.791,1121.19,13.2786,5.24,201.8,1416.42,4.56,,5.27,8993.5,8993.5,,182102.64385941575
2007-01-01,2007,1,1,53.51696969697,8.59,5669.659,631.166,1146.65,12.8413,5.25,202.416,1424.16,4.76,,6.6,9100.0,9100.0,,184661.3687894853
2007-02-01,2007,2,1,57.5625,8.56,5676.45,664.745,1204.55,13.91,5.26,203.499,1444.8,4.72,,6.26,9131.5,9131.5,,195158.85656551426
2007-03-01,2007,3,1,60.59984848485,8.37,6452.477,654.895,1218.77,13.1843,5.26,205.352,1406.95,4.56,,6.3,9120.0,9120.0,,192024.91214744197
2007-04-01,2007,4,2,65.05764035088,8.0,7766.474,679.368,1275.81,13.7233,5.25,206.686,1463.64,4.69,,6.52,9088.0,9088.0,,198501.80813226645
2007-05-01,2007,5,2,65.15725955204,7.98,7681.42,667.31,1300.65,13.1478,5.25,207.949,1511.14,4.75,,6.29,8827.0,8827.0,,189379.00119256118
2007-06-01,2007,6,2,68.1880952381,8.03,7474.38,655.66,1286.24,13.1443,5.25,208.352,1514.19,5.1,,6.01,9035.0,9035.0,,190457.4250040111
2007-07-01,2007,7,3,73.6016955267,8.13,7972.57,665.38,1303.02,12.9093,5.26,208.299,1520.71,5.0,,5.14,9225.0,9225.0,,197345.47811066575
2007-08-01,2007,8,3,70.1268115942,8.34,7513.5,665.411,1263.61,12.3343,5.02,207.917,1454.62,4.67,,5.28,9390.0,9390.0,,200884.59339053696
2007-09-01,2007,9,3,76.76243859649,8.54,7648.975,712.653,1307.65,12.8335,4.94,208.49,1497.12,4.52,,5.53,9145.0,9145.0,,209533.22121853594
2007-10-01,2007,10,4,81.96724637681,9.16,8008.435,754.604,1410.7,13.6704,4.76,208.936,1539.66,4.53,,5.87,9097.5,9097.5,,220715.19316451467
2007-11-01,2007,11,4,91.33826118326,9.47,6966.705,806.248,1448.73,14.7016,4.49,210.177,1463.39,4.15,,5.79,9370.0,9370.0,,242884.22186936994
2007-12-01,2007,12,4,89.51994152047,9.49,6587.667,803.203,1492.9,14.3036,4.24,210.036,1479.22,4.1,,5.65,9392.5,9392.5,,242547.93848319878
2008-01-01,2008,1,1,90.68993506494,10.7,7061.023,889.595,1583.3,15.9089,3.94,211.08,1378.76,3.74,,4.92,9246.5,9246.5,,264460.47239001916
2008-02-01,2008,2,1,93.38759064327,10.84,7887.69,922.298,1999.67,17.569,2.98,211.693,1354.87,3.74,,5.56,9065.0,9065.0,,268800.540330591
2008-03-01,2008,3,1,101.84283333333,11.04,8439.289,968.434,2025.19,19.3174,2.61,213.528,1316.94,3.51,,5.69,9215.0,9215.0,,286917.0982840092
2008-04-01,2008,4,2,108.75818181818,12.19,8684.932,909.705,1988.41,17.5,2.28,214.823,1370.47,3.68,,6.34,9222.0,9222.0,,269722.2424343249
2008-05-01,2008,5,2,122.63260894661,12.38,8382.75,888.663,2052.45,17.06,1.98,216.632,1403.22,3.88,,6.79,9315.0,9315.0,,266140.53143409354
2008-06-01,2008,6,2,131.52111111111,12.63,8260.595,889.488,2039.24,16.969,2.0,218.815,1341.25,4.1,,8.01,9220.0,9220.0,,263670.82409256574
2008-07-01,2008,7,3,132.82518445323,14.37,8414.043,939.772,1904.43,18.0339,2.01,219.964,1257.33,4.01,,11.03,9095.0,9095.0,,274799.7079220417
2008-08-01,2008,8,3,114.56682539683,14.64,7634.7,839.025,1485.55,14.635,2.0,219.086,1281.47,3.89,,11.9,9150.0,9150.0,,246823.8132786493
2008-09-01,2008,9,3,99.65676767677,14.85,6990.864,829.932,1223.18,12.373,1.81,218.783,1216.95,3.69,,11.85,9415.0,9415.0,,251219.81797224676
2008-10-01,2008,10,4,72.69275362319,15.93,4925.696,806.62,912.57,10.4413,0.97,216.573,968.8,3.81,,12.15,10900.0,10900.0,,282674.44364933507
2008-11-01,2008,11,4,53.97272807018,15.81,3717.0,760.863,840.3,9.8652,0.39,212.425,883.04,3.53,,11.77,12025.0,12025.0,,294159.31967451307
2008-12-01,2008,12,4,41.33892496393,15.5,3071.976,816.092,839.7,10.2857,0.16,210.228,877.56,2.42,,11.68,10900.0,10900.0,,285993.8410486638
2009-01-01,2009,1,1,43.85521428571,13.89,3220.69,858.69,947.41,11.2682,0.15,211.143,865.58,2.52,,11.06,11380.0,11380.0,,314173.62961815257
2009-02-01,2009,2,1,41.8436754386,11.04,3314.725,943.0,1033.25,13.4125,0.22,212.193,805.23,2.87,,9.17,11980.0,11980.0,,363211.4850903099
2009-03-01,2009,3,1,46.6453030303,10.9,3749.75,924.273,1081.77,13.1168,0.18,212.709,757.13,2.82,,8.6,11555.0,11555.0,,343369.1539911706
2009-04-01,2009,4,2,50.2780952381,8.51,4406.55,890.2,1165.45,12.4793,0.15,213.24,848.15,2.93,,7.92,10585.0,10585.0,,302948.99379223096
2009-05-01,2009,5,2,58.15388888889,8.09,4568.632,928.645,1128.67,13.9838,0.18,213.856,902.41,3.29,,7.3,10290.0,10290.0,,307224.7231859301
2009-06-01,2009,6,2,69.1496969697,7.95,5013.955,945.67,1217.86,14.6543,0.21,215.693,926.12,3.72,,6.02,10207.5,10207.5,,310348.7943508618
2009-07-01,2009,7,3,64.66667325428,6.67,5215.543,934.228,1162.26,13.3617,0.16,215.351,935.82,3.56,,3.64,9925.0,9925.0,,298108.5670782631
2009-08-01,2009,8,3,71.62968253968,6.92,6165.3,949.375,1244.57,14.3567,0.16,215.834,1009.73,3.59,,2.7,10080.0,10080.0,,307672.9994377992
2009-09-01,2009,9,3,68.34611111111,7.13,6196.432,996.591,1288.7,16.3895,0.15,215.969,1044.55,3.4,,2.74,9645.0,9645.0,,309036.84037663596
2009-10-01,2009,10,4,74.08060606061,7.6,6287.977,1043.159,1332.77,17.2361,0.12,216.177,1067.66,3.39,,2.82,9550.0,9550.0,,320291.15310993145
2009-11-01,2009,11,4,77.5523015873,7.81,6675.595,1127.036,1400.62,17.8213,0.12,216.33,1088.07,3.4,,2.56,9455.0,9455.0,,342602.3864959046
2009-12-01,2009,12,4,74.88181818182,8.01,6981.714,1134.724,1437.48,17.6422,0.12,215.949,1110.38,3.59,,2.4,9425.0,9425.0,,343844.9588375278
2010-01-01,2010,1,1,77.1210877193,8.8,7386.25,1117.963,1557.9,17.749,0.11,216.687,1123.58,3.73,,2.77,9350.0,9350.0,,336070.27655506344
2010-02-01,2010,2,1,74.76301559454,8.8,6848.175,1095.413,1520.35,15.873,0.13,216.741,1089.16,3.69,,3.71,9337.0,9337.0,,328833.69427690475
2010-03-01,2010,3,1,79.29768115942,8.93,7462.826,1113.337,1599.43,17.1061,0.16,217.631,1152.05,3.73,,3.8,9090.0,9090.0,,325373.057008212
2010-04-01,2010,4,2,84.18285714286,7.52,7745.075,1148.688,1710.5,18.0623,0.2,218.009,1197.32,3.85,,3.43,9012.5,9012.5,,332842.2306794976
2010-05-01,2010,5,2,75.61831746032,7.27,6837.684,1205.434,1624.86,18.4333,0.2,218.178,1125.06,3.42,,3.91,9175.0,9175.0,,355582.6578847288
2010-06-01,2010,6,2,74.725,7.74,6499.295,1232.92,1553.23,18.4548,0.18,217.965,1083.36,3.2,,4.17,9060.0,9060.0,,359132.0440420989
2010-07-01,2010,7,3,74.5794011544,8.04,6735.25,1192.966,1525.59,17.9605,0.18,218.011,1079.8,3.01,,5.06,8940.0,8940.0,,342891.44292704924
2010-08-01,2010,8,3,75.82626984127,8.45,7283.952,1215.81,1540.59,18.3877,0.19,218.312,1087.28,2.7,,6.23,9035.0,9035.0,,353170.9146419284
2010-09-01,2010,9,3,76.11624098124,8.28,7709.295,1270.977,1591.75,20.5498,0.19,218.439,1122.08,2.65,,6.45,8925.0,8925.0,,364701.0203373792
2010-10-01,2010,10,4,81.71936507937,8.29,8292.405,1342.024,1688.69,23.3933,0.19,218.711,1171.58,2.54,,5.81,8935.0,8935.0,,385519.1018388015
2010-11-01,2010,11,4,84.53406349206,8.59,8469.886,1369.886,1692.77,26.5409,0.19,218.803,1198.89,2.76,,5.67,9029.0,9029.0,,397662.96139600704
2010-12-01,2010,12,4,90.00596179183,8.74,9147.262,1390.553,1711.39,29.3248,0.18,219.179,1241.53,3.29,,6.34,9005.0,9005.0,,402589.3904246744
2011-01-01,2011,1,1,92.6905952381,9.61,9555.7,1360.46,1785.43,28.5086,0.17,220.223,1282.62,3.39,,6.96,9043.0,9043.0,,395539.05369190115
2011-02-01,2011,2,1,97.9141920078,9.36,9867.6,1374.68,1825.9,30.7785,0.16,221.309,1321.12,3.58,,7.01,8818.0,8818.0,,389729.0427673346
2011-03-01,2011,3,1,108.6452173913,9.37,9503.36,1423.26,1770.17,35.8135,0.14,223.467,1304.49,3.41,,6.83,8705.0,8705.0,,398330.97694081586
2011-04-01,2011,4,2,116.24316666667,10.36,9492.79,1480.89,1797.9,42.6952,0.1,224.906,1331.51,3.46,,6.64,8563.0,8563.0,,407699.15053355065
2011-05-01,2011,5,2,108.06851298701,10.3,8959.9,1512.58,1786.55,37.3359,0.09,225.964,1338.31,3.17,,6.15,8532.0,8532.0,,414916.07652042294
2011-06-01,2011,6,2,105.84545454546,10.26,9066.85,1529.36,1768.5,35.795,0.09,225.722,1287.29,3.0,,5.97,8573.0,8573.0,,421534.9738650439
2011-07-01,2011,7,3,107.91661111111,10.99,9650.46,1572.75,1759.76,37.9171,0.07,225.922,1325.19,3.0,,5.53,8495.0,8495.0,,429550.411226053
2011-08-01,2011,8,3,100.48642512077,10.81,9000.76,1759.01,1804.7,40.3313,0.1,226.545,1185.31,2.3,,4.59,8528.0,8528.0,,482288.1177065067
2011-09-01,2011,9,3,100.81935064935,10.85,8300.14,1772.14,1748.11,38.1545,0.08,226.889,1173.88,1.98,,4.76,8780.0,8780.0,,500245.9789318473
2011-10-01,2011,10,4,99.84775396825,11.42,7394.19,1666.43,1535.19,31.9748,0.07,226.421,1207.22,2.15,,4.59,8850.0,8850.0,,474156.1721485747
2011-11-01,2011,11,4,105.40501443001,11.32,7581.02,1739.0,1596.98,33.0818,0.08,226.23,1226.42,2.01,,4.41,9105.0,9105.0,,509061.90011529514
2011-12-01,2011,12,4,104.23047619048,11.53,7565.48,1639.97,1454.59,30.3032,0.07,225.672,1243.32,1.98,,4.13,9060.0,9060.0,,477699.91424238466
2012-01-01,2012,1,1,107.07457226399,11.45,8040.47,1654.05,1499.32,30.6509,0.08,226.665,1300.58,1.97,,3.78,8980.0,8980.0,,477546.9024093152
2012-02-01,2012,2,1,112.68752380952,11.12,8441.49,1744.82,1657.76,34.1405,0.1,227.663,1352.49,1.97,,3.64,9010.0,9010.0,,505436.36330713995
2012-03-01,2012,3,1,117.785,11.97,8470.78,1675.95,1655.41,32.9532,0.13,229.392,1389.24,2.17,,3.48,9139.0,9139.0,,492437.13648115384
2012-04-01,2012,4,2,113.6655,11.42,8289.48,1649.2,1585.81,31.5255,0.14,230.085,1386.43,2.05,,3.88,9188.0,9188.0,,487175.4272821359
2012-05-01,2012,5,2,104.0860342556,11.64,7955.64285714286,1589.04,1470.7,28.7196,0.16,229.815,1341.27,1.8,,4.5,9390.0,9390.0,,479724.04165440437
2012-06-01,2012,6,2,90.72825396825,11.49,7423.02380952381,1598.76,1443.86,27.9836,0.16,229.478,1323.48,1.62,,4.45,9385.0,9385.0,,482401.4593764
2012-07-01,2012,7,3,96.75411255411,11.13,7584.26136363636,1594.29,1425.82,27.4318,0.16,229.104,1359.78,1.53,,4.53,9440.0,9440.0,,483871.8737707162
2012-08-01,2012,8,3,105.27363699103,11.18,7515.53260869565,1630.31,1453.26,28.8002,0.13,230.379,1403.45,1.68,,4.56,9530.0,9530.0,,499521.46507299785
2012-09-01,2012,9,3,106.28496491228,11.08,8087.74,1744.81,1623.65,33.6085,0.14,231.407,1443.42,1.72,,4.58,9565.0,9565.0,,536567.2705117005
2012-10-01,2012,10,4,103.40786561265,11.58,8062.03,1746.58,1635.83,33.1874,0.16,231.317,1437.82,1.75,,4.31,9600.0,9600.0,,539076.9690416089
2012-11-01,2012,11,4,101.17441558442,11.83,7711.22727272727,1721.64,1576.36,32.7732,0.16,230.221,1394.51,1.65,,4.61,9588.0,9588.0,,530715.0845592928
2012-12-01,2012,12,4,101.19366666667,11.79,7966.48684210526,1684.762,1582.25,31.8745,0.16,229.601,1422.29,1.72,,4.32,9630.0,9630.0,,521622.0091510798
2013-01-01,2013,1,1,105.10021645022,11.87,8047.36,1671.84782608696,1638.89130434783,31.06173913043,0.14,230.28,1480.4,1.91,,4.3,9690.0,9690.0,462000.0,520848.6992934064
2013-02-01,2013,2,1,107.63743567252,11.77,8060.925,1627.57,1674.55,30.3288,0.15,232.166,1512.31,1.98,,4.57,9660.0,9660.0,467500.0,505484.52512549976
2013-03-01,2013,3,1,102.5225,11.87,7645.58333333333,1593.08619047619,1582.95238095238,28.79095238095,0.14,232.773,1550.83,1.96,,5.31,9715.0,9715.0,460000.0,497591.71426379535
2013-04-01,2013,4,2,98.85196969697,12.88,7234.27954545454,1487.85727272727,1493.06818181818,25.355,0.15,232.531,1570.7,1.76,,5.9,9720.0,9720.0,437500.0,464963.21886783617
2013-05-01,2013,5,2,99.36663341489,12.29,7249.41304347826,1414.02695652174,1475.17391304348,23.03826086957,0.11,232.945,1639.84,1.93,,5.57,9790.0,9790.0,420000.0,445073.1985161169
2013-06-01,2013,6,2,99.74266666667,11.92,7000.2375,1343.35,1430.23,21.109,0.09,233.504,1618.77,2.3,,5.47,9920.0,9920.0,420000.0,428441.87759742665
2013-07-01,2013,7,3,105.25790513834,11.6,6906.64130434783,1285.51565217391,1401.47826086957,19.7102173913,0.09,233.596,1668.68,2.58,,5.9,10270.0,10270.0,427200.0,424462.0571751019
2013-08-01,2013,8,3,108.15763636364,11.64,7192.92045454545,1351.74181818182,1496.09090909091,21.89386363636,0.08,233.877,1670.09,2.74,,8.61,10910.0,10910.0,458250.0,474143.23907234886
2013-09-01,2013,9,3,108.75773015873,11.25,7159.26904761905,1348.6,1456.86,22.5638,0.08,234.149,1687.17,2.81,,8.79,11570.0,11570.0,491250.0,501657.8082357661
2013-10-01,2013,10,4,105.42713438735,11.37,7203.02173913043,1316.58,1413.48,21.917,0.09,233.546,1720.03,2.62,,8.4,11265.0,11265.0,481000.0,476836.5220186574
2013-11-01,2013,11,4,102.62649122807,11.42,7070.65476190476,1275.86,1420.1,20.7576,0.08,233.069,1783.54,2.72,,8.32,11955.0,11955.0,475000.0,490392.32488632906
2013-12-01,2013,12,4,105.48165079365,11.55,7214.9,1221.5119047619,1355.66666666667,19.67,0.09,233.049,1807.78,2.9,,8.37,12160.0,12160.0,471750.0,477553.8393156326
2014-01-01,2014,1,1,102.09666666667,11.59,7291.47,1244.27,1420.95,19.875,0.07,233.916,1822.36,2.86,,8.38,12205.0,12205.0,481000.0,488251.37612911494
2014-02-01,2014,2,1,104.82666666667,11.3,7149.21,1299.58,1409.53,20.845,0.07,234.781,1817.04,2.71,,8.22,11604.0,11604.0,486250.0,484843.7496865302
2014-03-01,2014,3,1,104.04,10.88,6650.04,1336.08,1451.62,20.716,0.08,236.293,1863.52,2.72,,7.75,11355.0,11355.0,489750.0,487765.0333933086
2014-04-01,2014,4,2,104.86666666667,10.73,6673.56,1298.45,1430.33,19.736,0.09,237.072,1864.26,2.71,,7.32,11558.0,11558.0,473600.0,482501.85008256056
2014-05-01,2014,5,2,105.71333333333,10.2,6891.13,1288.74,1456.27,19.342,0.09,237.9,1889.77,2.56,,7.25,11670.0,11670.0,474000.0,483534.2330604018
2014-06-01,2014,6,2,108.37333333333,9.77,6821.14,1279.1,1452.76,19.892,0.1,238.343,1947.09,2.6,,7.32,11845.0,11845.0,478375.0,487114.0161411151
2014-07-01,2014,7,3,105.22666666667,9.27,7113.38,1310.59,1492.18,20.923,0.09,238.25,1973.1,2.54,,6.7,11575.0,11575.0,490800.0,487729.37339275196
2014-08-01,2014,8,3,100.05,9.14,7001.84,1295.13,1446.33,19.736,0.09,237.852,1961.53,2.42,,4.53,11685.0,11685.0,487500.0,486556.3469740464
2014-09-01,2014,9,3,95.85,9.24,6872.22,1236.55,1359.48,18.369,0.09,238.031,1993.23,2.53,,3.99,12180.0,12180.0,474200.0,484228.1490537418
2014-10-01,2014,10,4,86.08,9.77,6737.48,1222.49,1259.76,17.163,0.09,237.433,1937.27,2.3,,4.53,12080.0,12080.0,471500.0,474791.9113659988
2014-11-01,2014,11,4,76.99333333333,8.9,6712.85,1175.33,1208.32,15.966,0.09,236.151,2044.57,2.33,,4.83,12199.0,12199.0,460250.0,460972.6032300029
2014-12-01,2014,12,4,60.70333333333,9.83,6446.45,1200.62,1215.32,16.295,0.12,234.812,2054.27,2.21,,6.23,12380.0,12380.0,474000.0,477878.2672938994
2015-01-01,2015,1,1,47.10666666667,9.25,5830.54,1250.75,1242.45,17.236,0.11,233.707,2028.18,1.88,,8.36,12665.0,12665.0,497250.0,509291.8985185605
2015-02-01,2015,2,1,54.79,8.27,5729.27,1227.08,1197.16,16.787,0.11,234.722,2082.2,1.98,,6.96,12920.0,12920.0,506000.0,509713.87224466173
2015-03-01,2015,3,1,52.82666666667,8.27,5939.67,1178.63,1138.64,16.24,0.11,236.119,2079.99,2.04,,6.29,13070.0,13070.0,492375.0,495272.4159763387
2015-04-01,2015,4,2,57.54333333333,6.77444566675,6042.09,1198.93,1151.29,16.341,0.12,236.599,2094.86,1.94,,6.38,12960.0,12960.0,492500.0,499562.56980248593
2015-05-01,2015,5,2,62.50666666667,6.68399731108,6294.78,1198.63,1140.4,16.833,0.12,237.805,2111.94,2.2,,6.79,13223.0,13223.0,498625.0,509572.75908139
2015-06-01,2015,6,2,61.30666666667,6.66672592954,5833.01,1181.5,1088.82,16.075,0.13,238.638,2099.29,2.36,,7.15,13330.0,13330.0,500250.0,506354.8072542167
2015-07-01,2015,7,3,54.34,6.69403713465,5456.75,1128.31,1009.27,15.053,0.13,238.654,2094.14,2.32,,7.26,13525.0,13525.0,492250.0,490633.0198429778
2015-08-01,2015,8,3,45.69,6.34573758328,5127.3,1117.93,984.1,14.941,0.14,238.316,2039.87,2.17,,7.26,14045.0,14045.0,486750.0,504809.38034554396
2015-09-01,2015,9,3,46.28,6.27869866034,5217.25,1124.77,964.38,14.75,0.14,237.945,1944.41,2.17,,7.18,14645.0,14645.0,511400.0,529595.348967547
2015-10-01,2015,10,4,46.95666666667,6.0269578206,5216.09,1159.25,976.91,15.813,0.12,237.838,2024.81,2.07,,6.83,13675.0,13675.0,507750.0,509677.5467236512
2015-11-01,2015,11,4,43.11333333333,5.50083385123,4799.9,1086.44,885.2,14.452,0.12,237.336,2080.62,2.26,,6.25,13830.0,13830.0,484250.0,483079.9237209392
2015-12-01,2015,12,4,36.57333333333,5.09276298262,4638.83,1075.74,859.82,14.127,0.24,236.525,2054.08,2.24,,4.89,13785.0,13785.0,480600.0,476765.86110784893
2016-01-01,2016,1,1,29.78,4.39818627541,4471.79,1097.91,855.25,14.106,0.34,236.916,1918.6,2.09,,3.35,13770.0,13770.0,479000.0,486062.08229428553
2016-02-01,2016,2,1,31.03,3.96837858928,4598.62,1199.5,919.35,15.167,0.38,237.111,1904.42,1.78,,4.14,13367.0,13367.0,404000.0,515495.95574472885
2016-03-01,2016,3,1,37.34,3.9101802431,4953.8,1245.14,967.73,15.465,0.36,238.132,2021.95,1.89,,4.42,13255.0,13255.0,415000.0,530626.5536205265
2016-04-01,2016,4,2,40.75,3.97007508979,4872.74,1242.26,994.19,16.36,0.37,239.261,2075.54,1.81,5.5,4.45,13180.0,13180.0,517500.0,526403.7491782913
2016-05-01,2016,5,2,45.93666666667,4.32919186506,4694.54,1260.95,1035.86,16.947,0.37,240.229,2065.55,1.81,5.5,3.6,13655.0,13655.0,536600.0,553580.3074593899
2016-06-01,2016,6,2,47.68666666667,4.75572046689,4641.97,1276.4,984.14,17.286,0.38,241.018,2083.89,1.64,5.25,3.33,13210.0,13210.0,537000.0,542101.5826757991
2016-07-01,2016,7,3,44.12666666667,4.67473769135,4864.9,1336.66,1087.5,19.992,0.39,240.628,2148.9,1.5,5.25,3.45,13097.0,13097.0,550750.0,562838.5576496066
2016-08-01,2016,8,3,44.87666666667,4.0474899302,4751.67,1340.17,1121.65,19.587,0.4,240.849,2170.95,1.56,5.25,3.21,13265.0,13265.0,560000.0,571555.2368730688
2016-09-01,2016,9,3,45.04333333333,4.25361416995,4722.2,1326.61,1046.71,19.357,0.4,241.428,2157.69,1.63,5.0,2.79,13047.0,13047.0,556750.0,556474.1453598525
2016-10-01,2016,10,4,49.29333333333,5.33681888345,4731.26,1266.55,959.14,17.655,0.4,241.729,2143.02,1.76,4.75,3.07,13047.0,13047.0,526500.0,531280.7296835703
2016-11-01,2016,11,4,45.26,5.69317950115,5450.93,1238.35,955.14,17.407,0.41,241.353,2164.99,2.14,4.75,3.31,13550.0,13550.0,527000.0,539478.0335296793
2016-12-01,2016,12,4,52.62,5.4235014224,5660.35,1157.36,918.38,16.432,0.54,241.432,2246.63,2.49,4.75,3.58,13470.0,13470.0,496250.0,501218.53901554825
2017-01-01,2017,1,1,53.59,6.1443492548,5754.56,1192.1,971.15,16.902,0.65,242.839,2275.12,2.43,4.75,3.02,13347.0,13347.0,506750.0,511549.2008276065
2017-02-01,2017,2,1,54.35333333333,6.0515836448,5940.91,1234.2,1007.63,17.933,0.66,243.603,2329.91,2.42,4.75,3.49,13331.0,13331.0,504375.0,528980.0978133738
2017-03-01,2017,3,1,50.90333333333,5.00094507654,5824.63,1231.42,962.87,17.631,0.79,243.801,2366.82,2.48,4.75,3.83,13323.0,13323.0,500937.5,527471.8567796897
2017-04-01,2017,4,2,52.16333333333,5.0109139183,5683.9,1266.88,960.84,18.033,0.9,244.524,2359.31,2.3,4.75,3.61,13327.0,13327.0,512500.0,542823.8736320308
2017-05-01,2017,5,2,49.89333333333,5.05843597847,5599.56,1246.04,930.27,16.745,0.91,244.733,2395.35,2.3,4.75,4.17,13321.0,13321.0,520600.8,533654.1296245055
2017-06-01,2017,6,2,46.16666666667,4.88676678563,5719.76,1260.26,930.73,16.931,1.04,244.955,2433.99,2.19,4.75,4.33,13325.0,13325.0,526171.5,539906.3457754665
2017-07-01,2017,7,3,47.65666666667,5.00392083226,5985.12,1236.84,918.9,16.152,1.15,244.786,2454.1,2.32,4.75,4.37,13324.0,13324.0,525670.5,529833.2487382889
2017-08-01,2017,8,3,49.94333333333,5.47660118187,6485.63,1283.04,972.7,16.952,1.16,245.519,2456.22,2.21,4.5,3.88,13342.0,13342.0,,550366.7577124368
2017-09-01,2017,9,3,52.95,5.96114997199,6577.17,1314.07,964.1,17.432,1.15,246.819,2492.84,2.2,4.25,3.82,13470.0,13470.0,540637.75,569085.025890096
2017-10-01,2017,10,4,54.92,6.17632034854,6807.6,1279.51,921.0,16.941,1.15,246.663,2557.0,2.36,4.25,3.72,13560.0,13560.0,537737.5,557820.4556218616
2017-11-01,2017,11,4,59.93333333333,6.69459903982,6826.55,1281.9,934.05,16.977,1.16,246.669,2593.61,2.35,4.25,3.58,13524.0,13524.0,539437.75,557378.7043640086
2017-12-01,2017,12,4,61.18666666667,7.13893361413,6833.89,1264.45,907.2,16.165,1.3,246.524,2664.34,2.4,4.25,3.3,13565.0,13565.0,537387.75,551458.1009798879
2018-01-01,2018,1,1,66.22666666667,6.66225501314,7065.85,1331.3,990.12,17.127,1.41,247.867,2789.8,2.58,4.25,3.61,13387.0,13387.0,546959.0,572994.2415955247
2018-02-01,2018,2,1,63.46,6.7187497665,7006.52,1330.73,987.26,16.582,1.42,248.991,2705.16,2.86,4.25,3.25,13740.0,13740.0,551352.0,587851.651362654
2018-03-01,2018,3,1,64.16666666667,6.69738764036,6799.18,1324.66,954.57,16.473,1.51,249.554,2702.77,2.84,4.25,3.18,13760.0,13760.0,535896.0,586021.9973864787
2018-04-01,2018,4,2,68.79333333333,6.92785820242,6851.51,1334.76,924.05,16.648,1.69,250.546,2653.63,2.87,4.25,3.4,13910.0,13910.0,563950.0,596927.2091150917
2018-05-01,2018,5,2,73.43,7.48735405732,6825.27,1303.45,904.73,16.49,1.7,251.588,2701.49,2.976,4.75,3.41,13890.0,13890.0,561195.2,582086.7106406573
2018-05-01,2018,5,2,73.43,7.48735405732,6825.27,1303.45,904.73,16.49,1.7,251.588,2701.49,2.976,4.5,3.41,13890.0,13890.0,561195.2,582086.7106406573
2018-06-01,2018,6,2,71.97666666667,7.44894284404,6965.86,1281.57,884.9,16.541,1.82,251.989,2754.35,2.91,5.25,3.23,14325.0,14325.0,558059.25,590239.1674103778
2018-07-01,2018,7,3,72.66666666667,7.59883923025,6250.75,1237.71,832.0,15.723,1.91,252.006,2793.64,2.89,5.25,3.12,14415.0,14415.0,553924.5,573620.4272186061
2018-08-01,2018,8,3,71.08333333333,8.08490993844,6051.05,1201.71,804.91,14.987,1.91,252.146,2857.82,2.89,5.5,3.18,14725.0,14725.0,549415.6,568913.2396285678
2018-09-01,2018,9,3,75.36333333333,9.52157703121,6050.76,1198.39,804.79,14.272,1.95,252.439,2901.5,3.0,5.75,3.2,14900.0,14900.0,551995.75,574084.0843876335
2018-10-01,2018,10,4,76.72666666667,8.79096072974,6219.59,1215.39,829.87,14.597,2.19,252.885,2785.46,3.15,5.75,2.88,15200.0,15200.0,556131.6,593950.5772550803
2018-11-01,2018,11,4,62.31666666667,8.26507901291,6195.92,1220.65,846.19,14.353,2.2,252.038,2723.23,3.12,6.0,3.16,14300.0,14300.0,556808.25,561200.7658256391
2018-12-01,2018,12,4,53.96,7.97624238009,6075.32,1250.4,791.16,14.772,2.27,251.233,2567.31,2.83,6.0,3.23,14375.0,14375.0,554071.5,577893.5941978036
2019-01-01,2019,1,1,56.58333333333,7.26234323345,5939.1,1291.75,806.77,15.624,2.4,251.712,2607.39,2.71,6.0,3.13,13970.0,13970.0,559523.5,580184.254513952
2019-02-01,2019,2,1,61.13333333333,6.0057971222,6300.49,1320.07,818.15,15.815,2.4,252.776,2754.86,2.68,6.0,2.82,14060.0,14060.0,563957.25,596723.7784812533
2019-03-01,2019,3,1,63.78666666667,5.17873567413,6439.46,1300.9,842.81,15.296,2.41,254.202,2803.98,2.57,6.0,2.57,14235.0,14235.0,565223.0,595377.539915409
2019-04-01,2019,4,2,68.57666666667,4.92218081968,6438.36,1285.91,887.29,15.055,2.42,255.548,2903.8,2.53,6.0,2.48,14245.0,14245.0,565981.25,588930.5580783176
2019-05-01,2019,5,2,66.83333333333,4.34105529405,6017.9,1283.7,833.55,14.662,2.39,256.092,2854.71,2.4,6.0,2.83,14270.0,14270.0,564219.0,588950.2037920082
2019-06-01,2019,6,2,59.76,3.58800651227,5882.23,1359.04,808.2,15.036,2.38,256.143,2890.17,2.06,6.0,3.32,14125.0,14125.0,579592.4,617179.877459873
2019-07-01,2019,7,3,61.47666666667,3.62037140561,5941.2,1412.89,843.95,15.791,2.4,256.571,2996.1136363636365,1.63,5.75,3.28,14012.0,14012.0,592671.0,636501.6620907153
2019-08-01,2019,8,3,57.67,3.67677516041,5709.44,1500.41,859.14,17.224,2.13,256.558,2897.498181818182,1.63,5.5,3.32,14180.0,14180.0,620076.75,684033.2975251179
2019-09-01,2019,9,3,60.04,4.20525568494,5759.25,1510.58,944.7,18.16,2.04,256.759,2982.156,1.7,5.25,3.49,14190.0,14190.0,626189.0,689155.438725744
2019-10-01,2019,10,4,57.27333333333,5.05721785787,5757.3,1494.81,897.26,17.645,1.83,257.346,2977.68,1.71,5.0,3.39,14032.0,14032.0,628938.2,674367.500934815
2019-11-01,2019,11,4,60.40333333333,5.15000421731,5859.95,1470.79,901.8,17.165,1.55,257.208,3104.9044999999996,1.81,5.0,3.13,14100.0,14100.0,636234.25,666746.6512939801
2019-12-01,2019,12,4,63.35333333333,4.62047221239,6077.06,1479.13,924.25,17.138,1.55,256.974,3176.7495238095235,1.86,5.0,3.0,13880.0,13880.0,633893.0,660065.2567561194
2020-01-01,2020,1,1,61.62666666667,3.63338434727,6031.21,1560.67,987.36,17.972,1.55,257.971,3278.2028571428577,1.76,5.0,2.72,13650.0,13650.0,656023.6,684912.0320851076
2020-02-01,2020,2,1,53.34666666667,2.90777364106,5687.75,1597.1,961.1,17.88,1.58,258.678,3277.3142105263164,1.5,4.75,2.68,14340.0,14340.0,659310.75,736329.7083237974
2020-03-01,2020,3,1,32.20333333333,2.71886838175,5182.63,1591.93,759.0,14.884,0.65,258.115,2652.3936363636367,0.87,4.5,2.98,16300.0,16300.0,690974.75,834262.3291554338
2020-04-01,2020,4,2,21.04333333333,2.12031866732,5057.97,1683.17,753.86,15.065,0.05,256.389,2761.975238095238,0.66,4.5,2.96,14825.0,14825.0,723802.2,802257.4264109278
2020-05-01,2020,5,2,30.38,1.57516497792,5239.83,1715.91,790.22,16.256,0.05,256.394,2919.615,0.67,4.5,2.67,14575.0,14575.0,600255.44,804070.5034621725
2020-06-01,2020,6,2,39.45666666667,1.75217111218,5754.6,1732.22,820.77,17.713,0.08,257.797,3104.6609090909087,0.73,4.25,2.19,14180.0,14180.0,597853.39,789714.9170153223
2020-07-01,2020,7,3,42.06666666667,1.80103549647,6372.46,1846.51,864.64,20.647,0.09,259.101,3207.6190909090906,0.62,4.0,1.96,14530.0,14530.0,771408.2,862597.7884247333
2020-08-01,2020,8,3,43.44333333333,2.86189667673,6498.94,1968.63,940.33,27.003,0.1,259.918,3391.71,0.65,4.0,1.54,14560.0,14560.0,855400.25,921544.9766053164
2020-09-01,2020,9,3,40.59666666667,3.95213946267,6704.9,1921.92,907.62,25.742,0.09,260.28,3365.5166666666664,0.68,4.0,1.32,14840.0,14840.0,876213.75,916980.856622434
2020-10-01,2020,10,4,39.9,4.88959040816,6713.81,1900.27,876.27,24.23,0.09,260.388,3418.701363636364,0.79,4.0,1.42,14620.0,14620.0,698911.65,893210.350040353
2020-11-01,2020,11,4,42.30333333333,4.83583900516,7068.91,1866.3,911.55,24.079,0.09,260.229,3548.992500000001,0.87,3.75,1.44,14090.0,14090.0,860227.0,845441.4009433184
2020-12-01,2020,12,4,48.72666666667,5.85610629604,7772.24,1858.42,1028.0,24.968,0.09,260.474,3695.3099999999995,0.93,3.75,1.59,14040.0,14040.0,850565.25,838884.2497504974
2021-01-01,2021,1,1,53.60333333333,7.2683017493,7972.15,1866.98,1090.95,25.88,0.09,261.582,3793.748421052632,1.08,3.75,1.68,14020.0,14020.0,883040.27,841547.7076183329
2021-02-01,2021,2,1,60.46333333333,6.15850716652,8470.94,1808.17,1206.7,27.293,0.08,263.014,3883.4321052631576,1.26,3.5,1.55,14240.0,14240.0,864171.79,827828.3796234638
2021-03-01,2021,3,1,63.83,6.12706957935,8988.25,1718.23,1181.0,25.648,0.07,264.877,3910.5082608695648,1.61,3.5,1.38,14520.0,14520.0,844057.4,802119.3180564303
2021-04-01,2021,4,2,62.95,7.14681628809,9324.82,1760.04,1208.81,25.687,0.07,267.054,4141.176190476191,1.64,3.5,1.37,14440.0,14440.0,857167.64,817110.5038649569
2021-05-01,2021,5,2,66.4,8.90875692439,10161.97,1850.26,1214.0,27.504,0.06,269.195,4167.849500000001,1.62,3.5,1.42,14275.0,14275.0,872830.6,849180.3559401437
2021-06-01,2021,6,2,71.80333333333,10.30105100564,9631.5,1834.57,1124.0,26.995,0.08,271.696,4238.489545454546,1.52,3.5,1.68,14495.0,14495.0,876011.24,854955.6154442516
2021-07-01,2021,7,3,73.28333333333,12.50994243239,9450.82,1807.84,1086.48,25.677,0.1,273.003,4363.7128571428575,1.32,3.5,1.33,14460.0,14460.0,870158.93,840464.4460840467
2021-08-01,2021,8,3,68.86666666667,15.42647593843,9370.14,1785.28,1008.73,23.986,0.09,273.567,4454.206363636363,1.28,3.5,1.52,14265.0,14265.0,855501.69,818783.6801575829
2021-09-01,2021,9,3,72.8,22.84059607792,9324.71,1775.14,973.19,23.185,0.08,274.31,4445.543333333333,1.37,3.5,1.59,14310.0,14310.0,846855.81,816701.4113354685
2021-10-01,2021,10,4,82.06333333333,31.05246636754,9829.22,1776.85,1017.1,23.413,0.08,276.589,4460.707142857143,1.58,3.5,1.6,14165.0,14165.0,842105.62,809204.7204832098
2021-11-01,2021,11,4,79.91666666667,27.62343200775,9728.9,1821.76,1038.05,24.175,0.08,277.948,4667.386666666667,1.56,3.5,1.66,14320.0,14320.0,869085.8,838735.9190661283
2021-12-01,2021,12,4,72.86666666667,38.02711984318,9551.18,1790.43,944.59,22.532,0.08,278.802,4674.772727272726,1.47,3.5,1.75,14250.0,14250.0,857226.41,820282.1717988775
2022-01-01,2022,1,1,83.92,28.26067331655,9782.34,1816.02,994.15,23.158,0.08,281.148,4573.8155,1.76,3.5,1.87,14380.0,14380.0,825758.25,839596.4145075898
2022-02-01,2022,2,1,93.54333333333,27.2297159067,9943.17,1856.3,1049.4,23.542,0.08,283.716,4435.980526315789,1.93,3.5,2.18,14365.0,14365.0,819435.5,857323.7542370183
2022-03-01,2022,3,1,112.39666666667,42.39297079612,10230.89,1947.83,1043.26,25.314,0.2,287.504,4391.265217391306,2.13,3.5,2.06,14368.0,14368.0,848017.6,899784.3430802565
2022-04-01,2022,4,2,103.41333333333,32.20418722871,10161.38,1936.86,965.0,24.545,0.33,289.109,4391.295999999999,2.75,3.5,2.64,14495.0,14495.0,856609.5,902625.3200092409
2022-05-01,2022,5,2,110.09666666667,29.17072267381,9377.15,1848.5,958.38,21.905,0.77,292.296,4040.3599999999997,2.9,3.5,3.47,14580.0,14580.0,854317.0,866498.9503681466
2022-06-01,2022,6,2,116.8,33.55773104275,9024.46,1836.57,956.59,21.556,1.21,296.311,3898.9466666666676,3.14,3.5,3.55,14895.0,14895.0,849651.6,879506.5042374941
2022-07-01,2022,7,3,105.08333333333,51.33003047298,7544.81,1732.74,869.25,19.075,1.68,296.276,3911.729499999999,2.9,3.5,4.35,14830.0,14830.0,848847.5,826162.7587562816
2022-08-01,2022,8,3,95.97333333333,70.04363980339,7981.84,1764.56,908.65,19.724,2.33,296.171,4158.5630434782615,2.9,3.75,4.94,14840.0,14840.0,841380.0,841901.7130586507
2022-09-01,2022,9,3,88.22,59.10262225038,7746.01,1680.78,881.24,18.944,2.56,296.808,3850.520476190475,3.52,4.25,4.69,15225.0,15225.0,837125.4,822733.6019232422
2022-10-01,2022,10,4,90.32666666667,39.02204993845,7651.08,1664.45,914.67,19.426,3.08,298.012,3726.050952380952,3.98,4.75,5.95,15595.0,15595.0,837653.25,834540.0714173536
2022-11-01,2022,11,4,87.37666666667,35.72328224044,8049.86,1725.07,989.05,21.018,3.78,297.711,3917.488571428571,3.89,5.25,5.71,15730.0,15730.0,842471.0,872421.7962668404
2022-12-01,2022,12,4,78.06666666667,36.04426003614,8375.4,1797.55,1010.95,23.326,4.1,296.797,3912.380952380953,3.62,5.5,5.42,15565.0,15565.0,862277.0,899541.4220059154
2023-01-01,2023,1,1,80.41,20.18397092135,9037.95,1897.71,1053.25,23.653,4.33,299.17,3960.6565,3.53,5.75,5.51,14985.0,14985.0,877292.0,914276.7071622038
2023-02-01,2023,2,1,80.25333333333,16.53713727891,8936.59,1854.54,958.85,21.921,4.57,300.84,4079.684736842105,3.75,5.75,5.28,15245.0,15245.0,874091.0,908980.770278389
2023-03-01,2023,3,1,76.47333333333,13.81207686229,8856.31,1912.73,970.61,21.976,4.65,301.836,3968.5591304347827,3.66,5.75,5.47,14990.0,14990.0,884414.2,921820.5052883348
2023-04-01,2023,4,2,82.46,13.52052961513,8809.42,1999.77,1050.74,25.01,4.83,303.363,4121.467368421053,3.46,5.75,4.97,14665.0,14665.0,901907.5,942872.95399722
2023-05-01,2023,5,2,74.12333333333,10.10875599841,8217.47,1992.13,1062.73,24.267,5.06,304.127,4146.1731818181825,3.57,5.75,4.33,14985.0,14985.0,900625.25,959766.2744249866
2023-06-01,2023,6,2,73.26333333333,10.35062473915,8396.52,1942.9,970.64,23.417,5.08,305.109,4345.372857142857,3.75,5.75,4.0,14990.0,14990.0,900117.4,936360.6257677277
2023-07-01,2023,7,3,78.98333333333,9.54528398968,8476.68,1951.02,950.42,24.256,5.12,305.691,4508.075500000001,3.9,5.75,3.52,15075.0,15075.0,897362.0,945605.7497726429
2023-08-01,2023,8,3,84.72433333333,11.19194456369,8349.13,1918.7,925.0,23.437,5.33,307.026,4457.358695652174,4.17,5.75,3.08,15225.0,15225.0,895264.4,939194.2800426736
2023-09-01,2023,9,3,92.22,11.54929514615,8276.71,1915.95,920.9,23.101,5.33,307.789,4409.094999999999,4.38,5.75,3.27,15450.0,15450.0,899488.25,951707.993622115
2023-10-01,2023,10,4,89.08366666667,14.56950705657,7937.18,1916.25,891.9,22.379,5.33,307.671,4269.4009090909085,4.8,6.0,2.28,15880.0,15880.0,905485.25,978348.8256206779
2023-11-01,2023,11,4,81.35433333333,14.48505487638,8189.59,1984.11,905.75,23.488,5.33,307.051,4460.063333333332,4.5,6.0,2.56,15505.0,15505.0,922308.6,989073.5285902185
2023-12-01,2023,12,4,75.71933333333,11.50665790666,8399.94,2026.18,935.47,23.878,5.33,306.746,4685.0515000000005,4.02,6.0,2.86,15395.0,15395.0,947283.25,1002879.5591108967
2024-01-01,2024,1,1,77.67233333333,9.55961355312,8338.88,2034.04,925.86,22.916,5.33,308.417,4815.6139130434785,4.06,6.0,2.61,15775.0,15775.0,946959.0,1031620.3942833812
2024-02-01,2024,2,1,80.548,8.14838086764,8304.95,2023.24,894.29,22.657,5.33,310.326,5011.9615,4.21,6.0,2.57,15710.0,15710.0,957263.0,1021914.7076187958
2024-03-01,2024,3,1,83.54566666667,8.55372632183,8689.13,2158.01,908.75,24.518,5.33,312.332,5170.572499999999,4.21,6.0,2.75,15850.0,15850.0,1005513.75,1099698.8767506531
2024-04-01,2024,4,2,88.01133333333,9.08511900567,9464.43,2331.45,940.18,27.494,5.33,313.548,5112.492727272728,4.54,6.25,3.05,16255.0,16255.0,1061621.75,1218439.9832111374
2024-05-01,2024,5,2,81.445,10.12306554509,10139.33,2351.13,1014.68,29.36,5.33,314.069,5235.225454545454,4.48,6.25,3.0,16245.0,16245.0,1115966.0,1227969.049749448
2024-06-01,2024,6,2,81.205,10.86897789978,9648.17,2326.44,985.08,29.577,5.33,314.175,5415.140526315788,4.31,6.25,2.84,16370.0,16370.0,1128128.0,1224423.3352073361
2024-07-01,2024,7,3,83.25866666667,10.34681932853,9385.31,2398.2,978.8,29.773,5.33,314.54,5538.004545454546,4.25,6.25,2.51,16255.0,16255.0,1139137.0,1253324.2264414632
2024-08-01,2024,8,3,78.121,12.37459819711,8971.96,2470.15,945.36,28.53,5.33,314.796,5478.214545454546,3.87,6.25,2.13,15450.0,15450.0,1175376.2,1226995.2245338694
2024-09-01,2024,9,3,72.42433333333,11.7842591911,9237.48,2570.55,966.7,30.131,5.13,315.301,5621.2604999999985,3.72,6.0,2.12,15135.0,15135.0,1176160.0,1250833.612594718
2024-10-01,2024,10,4,73.97066666667,12.92013302544,9533.99,2690.08,998.91,32.416,4.83,315.664,5792.31956521739,4.1,6.0,1.84,15690.0,15690.0,1224758.2,1356997.9803672621
2024-11-01,2024,11,4,72.29166666667,13.92640045783,9075.73,2651.13,965.53,31.094,4.64,315.493,5929.916,4.36,6.0,1.71,15840.0,15840.0,1256826.5,1350135.2106077094
2024-12-01,2024,12,4,72.311,13.85662099801,8916.32,2648.01,937.88,30.764,4.48,315.605,6010.908571428571,4.39,6.0,1.55,16090.0,16090.0,1277275.0,1369830.1695969887
2025-01-01,2025,1,1,78.162,14.66351159521,8991.41,2709.69,949.23,30.411,4.33,317.671,5979.5155,4.63,5.75,1.57,16300.0,16300.0,1279081.2,1420032.4704535925
2025-02-01,2025,2,1,73.819,15.34053214373,9330.6,2894.73,978.25,32.152,4.33,319.082,6038.69,4.45,5.75,0.76,16580.0,16580.0,1359144.25,1543062.973590142
2025-03-01,2025,3,1,70.70133333333,13.23540689614,9739.68,2983.25,980.05,33.188,4.33,319.799,5683.983333333333,4.28,5.75,-0.09,16560.0,16560.0,1422604.0,1588331.115446232
2025-04-01,2025,4,2,65.905,11.59029271163,9176.8,3217.64,958.81,32.225,4.33,320.795,5369.495714285715,4.28,5.75,1.03,16600.0,16600.0,1546989.6,1717262.1679387302
2025-05-01,2025,5,2,62.74866666667,11.66346590514,9532.98,3309.49,979.5,32.763,4.33,321.465,5810.919523809524,4.42,5.5,1.95,16290.0,16290.0,1565717.0,1733297.9347183462
2025-06-01,2025,6,2,69.14666666667,12.36749611794,9835.07,3352.66,1251.48,36.005,4.33,322.561,6029.951499999999,4.38,5.5,1.6,16235.0,16235.0,1576082.2,1749979.124520253
2025-07-01,2025,7,3,69.19033333333,11.62054157322,9770.58,3340.15,1390.99,37.698,4.33,323.048,6296.498181818183,4.39,5.25,1.87,16455.0,16455.0,1599808.5,1767074.7422680412
2025-08-01,2025,8,3,66.71766666667,11.14799164024,9669.56,3368.03,1342.53,38.185,4.33,323.976,6408.949523809522,4.26,5.0,2.37,16490.0,16490.0,1587626.0,1785614.3561416904
2025-09-01,2025,9,3,66.457,11.11631534669,9983.79,3667.68,1434.91,42.816,4.22,324.8,6584.018095238095,4.12,4.75,2.31,16665.0,16665.0,1635791.0,1965114.3051634664
2025-10-01,2025,10,4,63.04033333333,10.88817270675,10739.91,4058.33,1615.55,49.439,4.09,,6735.691739130435,4.06,4.75,2.65,16630.0,16630.0,1819978.6,2169854.782922532
2025-11-01,2025,11,4,62.33633333333,10.42040288015,10812.03,4087.19,1564.79,50.432,3.88,324.122,6740.885789473684,4.09,4.75,2.86,16655.0,16655.0,1981275.25,2188570.4253487187
2025-12-01,2025,12,4,60.88,9.48260496782,11785.25,4309.23,1893.43,62.342,3.72,324.054,6853.025454545453,4.14,4.75,2.72,16675.0,16675.0,1957124.6,2310237.235279112
2026-01-01,2026,1,1,63.652,11.75574513439,13012.0,4752.75,2433.83,92.062,3.64,325.252,6929.122,4.21,4.75,2.92,16785.0,16785.0,2404818.0,2564822.8737566727
2026-02-01,2026,2,1,68.01466666667,11.23735293669,12951.35,5019.97,2137.33,81.946,3.64,326.785,6893.806315789475,4.13,4.75,3.55,16765.0,16765.0,2583483.75,2705800.3062217147
2026-03-01,2026,3,1,95.57633333333,17.90699243228,12528.71,4855.54,2046.01,77.881,3.64,330.213,6654.419090909089,4.25,4.75,4.76,16994.5,16994.5,2603997.72,2652998.4110972444
2026-04-01,2026,4,2,103.91433333333,15.41078462026,12950.96,4721.42,2027.66,75.86,3.64,,6957.0076190476175,4.32,4.75,3.48,17310.0,17310.0,2554303.4,2627609.148826732
